BEGIN TRANSACTION;
CREATE TABLE IF NOT EXISTS `RevolutionGuys` (
	`id`	INTEGER PRIMARY KEY AUTOINCREMENT,
	`name`	VARCHAR ( 250 ),
	`fa_label`	VARCHAR ( 200 )
);
INSERT INTO `RevolutionGuys` VALUES (1,'Mansoor Hekmat','منصور حکمت');
INSERT INTO `RevolutionGuys` VALUES (2,'Ali Khamenei','سید علی خامنه‌ای');
INSERT INTO `RevolutionGuys` VALUES (3,'Ali Akbar Velayati','علی‌اکبر ولایتی');
INSERT INTO `RevolutionGuys` VALUES (4,'Mehdi Bazargan','مهدی بازرگان');
INSERT INTO `RevolutionGuys` VALUES (5,'Morteza Motahhari','مرتضی مطهری');
INSERT INTO `RevolutionGuys` VALUES (6,'Shahriar Shafiq','شهریار شفیق');
INSERT INTO `RevolutionGuys` VALUES (7,'Mohammad Reza Pahlavi','محمدرضا پهلوی');
INSERT INTO `RevolutionGuys` VALUES (8,'Nader Jahanbani','نادر جهانبانی');
INSERT INTO `RevolutionGuys` VALUES (9,'Mohammad Reza Mahdavi Kani','محمدرضا مهدوی کنی');
INSERT INTO `RevolutionGuys` VALUES (10,'Abdul Karim Mousavi Ardebili','سید عبدالکریم موسوی اردبیلی');
INSERT INTO `RevolutionGuys` VALUES (11,'Hussein Ali Montazeri','حسینعلی منتظری');
INSERT INTO `RevolutionGuys` VALUES (12,'Nematollah Nassiri','نعمت‌الله نصیری');
INSERT INTO `RevolutionGuys` VALUES (13,'Ahmad Sayyed Javadi','احمد صدر حاج‌سیدجوادی');
INSERT INTO `RevolutionGuys` VALUES (14,'Mohammad Ali Rajai','محمدعلی رجایی');
INSERT INTO `RevolutionGuys` VALUES (15,'Abbas Gharabaghi','عباس قره‌باغی');
INSERT INTO `RevolutionGuys` VALUES (16,'Ashraf Dehghani','اشرف دهقانی');
INSERT INTO `RevolutionGuys` VALUES (17,'Nasser Moghadam','ناصر مقدم');
INSERT INTO `RevolutionGuys` VALUES (18,'Karim Sanjabi','کریم سنجابی');
INSERT INTO `RevolutionGuys` VALUES (19,'Abolhassan Banisadr','ابوالحسن بنی‌صدر');
INSERT INTO `RevolutionGuys` VALUES (20,'Gholam Ali Oveisi','غلامعلی اویسی');
INSERT INTO `RevolutionGuys` VALUES (21,'Ahmad Khomeini','سید احمد خمینی');
INSERT INTO `RevolutionGuys` VALUES (22,'Ashraf Pahlavi','اشرف پهلوی');
INSERT INTO `RevolutionGuys` VALUES (23,'Massoud Rajavi','مسعود رجوی');
INSERT INTO `RevolutionGuys` VALUES (24,'Farah Pahlavi','فرح پهلوی');
INSERT INTO `RevolutionGuys` VALUES (25,'Hassan Habibi','حسن حبیبی');
INSERT INTO `RevolutionGuys` VALUES (26,'Ruhollah Khomeini','سید روح‌الله خمینی');
INSERT INTO `RevolutionGuys` VALUES (27,'Hassan Ayat','سید حسن آیت');
INSERT INTO `RevolutionGuys` VALUES (28,'Shapour Bakhtiar','شاپور بختیار');
INSERT INTO `RevolutionGuys` VALUES (29,'Pirouz Davani','پیروز دوانی');
INSERT INTO `RevolutionGuys` VALUES (30,'Habibollah Peyman','حبیب‌الله پیمان');
INSERT INTO `RevolutionGuys` VALUES (31,'Hasan Nazih','حسن نزیه');
INSERT INTO `RevolutionGuys` VALUES (32,'Jalaleddin Farsi','جلال‌الدین فارسی');
INSERT INTO `RevolutionGuys` VALUES (33,'Yadollah Sahabi','یدالله سحابی');
INSERT INTO `RevolutionGuys` VALUES (34,'Mohammad Mofatteh','محمد مفتح');
INSERT INTO `RevolutionGuys` VALUES (35,'Hashem Sabbaghian','هاشم صباغیان');
INSERT INTO `RevolutionGuys` VALUES (36,'Mohammad Kazem Shariatmadari','سید محمدکاظم شریعتمداری');
INSERT INTO `RevolutionGuys` VALUES (37,'Ebrahim Yazdi','ابراهیم یزدی');
INSERT INTO `RevolutionGuys` VALUES (38,'Mostafa Chamran','مصطفی چمران');
INSERT INTO `RevolutionGuys` VALUES (39,'Fereydoon Hoveyda','فریدون هویدا');
INSERT INTO `RevolutionGuys` VALUES (40,'Mohammad Tavasoli','محمد توسلی');
INSERT INTO `RevolutionGuys` VALUES (41,'Khadijeh Saqafi','خدیجه ثقفی');
INSERT INTO `RevolutionGuys` VALUES (42,'Jafar Sharif Emami','جعفر شریف‌امامی');
INSERT INTO `RevolutionGuys` VALUES (43,'Sadegh Ghotbzadeh','صادق قطب‌زاده');
INSERT INTO `RevolutionGuys` VALUES (44,'Hassan Rouhani','حسن روحانی');
INSERT INTO `RevolutionGuys` VALUES (45,'Gholam Reza Azhari','غلامرضا ازهاری');
INSERT INTO `RevolutionGuys` VALUES (46,'Mehdi Karroubi','مهدی کروبی');
INSERT INTO `RevolutionGuys` VALUES (47,'Sadegh Khalkhali','صادق خلخالی');
INSERT INTO `RevolutionGuys` VALUES (48,'Habib Elghanian','حبیب القانیان');
INSERT INTO `RevolutionGuys` VALUES (49,'Abbas Ali Khalatbari','عباسعلی خلعتبری');
INSERT INTO `RevolutionGuys` VALUES (50,'Mahmoud Taleghani','سید محمود طالقانی');
INSERT INTO `RevolutionGuys` VALUES (51,'Mohammad Mousavi Khoeiniha','سید محمد موسوی خوئینی‌ها');
INSERT INTO `RevolutionGuys` VALUES (52,'Mohammad Beheshti','سید محمد بهشتی');
INSERT INTO `RevolutionGuys` VALUES (53,'Jamshid Amouzegar','جمشید آموزگار');
INSERT INTO `RevolutionGuys` VALUES (54,'Mir Hossein Mousavi','میرحسین موسوی');
INSERT INTO `RevolutionGuys` VALUES (55,'Mohammad Javad Bahonar','محمدجواد باهنر');
CREATE TABLE IF NOT EXISTS `Rev_Pol_Rel` (
	`rev_id`	INTEGER,
	`pol_id`	INTEGER,
	FOREIGN KEY(`rev_id`) REFERENCES `RevolutionGuys`(`id`),
	FOREIGN KEY(`pol_id`) REFERENCES `Politicians`(`id`)
);
INSERT INTO `Rev_Pol_Rel` VALUES (1,4);
CREATE TABLE IF NOT EXISTS `Prisoners` (
	`id`	INTEGER PRIMARY KEY AUTOINCREMENT,
	`name`	VARCHAR ( 250 ),
	`fa_label`	VARCHAR ( 200 )
);
INSERT INTO `Prisoners` VALUES (1,'Jafar Panahi','جعفر پناهی');
INSERT INTO `Prisoners` VALUES (2,'Abdolreza Ghanbari','عبدالرضا قنبری');
INSERT INTO `Prisoners` VALUES (3,'Abbas Palizdar','عباس پالیزدار');
INSERT INTO `Prisoners` VALUES (4,'Roxana Saberi','رکسانا صابری');
INSERT INTO `Prisoners` VALUES (5,'2009–11 detention of American hikers by Iran','بازداشت سه آمر̩ایی توسط ایران');
INSERT INTO `Prisoners` VALUES (6,'Amir Mirza Hekmati','امیر میرزایی حکمتی');
INSERT INTO `Prisoners` VALUES (7,'Sherko Moarefi','شیرکو معارفی');
INSERT INTO `Prisoners` VALUES (8,'Mohsen Aminzadeh','محسن امین‌زاده');
INSERT INTO `Prisoners` VALUES (9,'Ali Farahbakhsh','علی فرح‌بخش');
INSERT INTO `Prisoners` VALUES (10,'Saeed Mortazavi','سعید مرتضوی');
INSERT INTO `Prisoners` VALUES (11,'Mohammad Reza Ali Zamani','محمدرضا علی‌زمانی');
INSERT INTO `Prisoners` VALUES (12,'Ali Heydariyan','علی حیدریان');
INSERT INTO `Prisoners` VALUES (13,'محمدمهدی عبدخدایی','محمدمهدی عبدخدایی');
INSERT INTO `Prisoners` VALUES (14,'Mohammad Ali Taheri','محمدعلی طاهری');
INSERT INTO `Prisoners` VALUES (15,'Mitra Farahani','میترا فراهانی');
INSERT INTO `Prisoners` VALUES (16,'Narges Mohammadi','نرگس محمدی');
INSERT INTO `Prisoners` VALUES (17,'Mohammad Davari','محمد داوری');
INSERT INTO `Prisoners` VALUES (18,'Valiullah Faiz Mahdavi','ولی‌الله فیض مهدوی');
INSERT INTO `Prisoners` VALUES (19,'The Fifty Three','۵۳ نفر');
INSERT INTO `Prisoners` VALUES (20,'Saeed Emami','سعید امامی');
INSERT INTO `Prisoners` VALUES (21,'Hossein Ronaghi','حسین رونقی');
INSERT INTO `Prisoners` VALUES (22,'Amir Hossein Heshmat Saran','امیرحسین حشمت ساران');
INSERT INTO `Prisoners` VALUES (23,'Emadeddin Baghi','عمادالدین باقی');
INSERT INTO `Prisoners` VALUES (24,'Saeed Laylaz','سعید لیلاز');
INSERT INTO `Prisoners` VALUES (25,'Bahman Ahmadi Amouee','بهمن احمدی امویی');
INSERT INTO `Prisoners` VALUES (26,'Akbar Mohammadi (student)','اکبر محمدی (فعال دانشجویی)');
INSERT INTO `Prisoners` VALUES (27,'جلال رفیع','جلال رفیع');
INSERT INTO `Prisoners` VALUES (28,'Bahareh Hedayat','بهاره هدایت');
INSERT INTO `Prisoners` VALUES (29,'Akbar Mohammadi (student)','اکبر محمدی');
INSERT INTO `Prisoners` VALUES (30,'Zahra Kazemi','زهرا کاظمی');
INSERT INTO `Prisoners` VALUES (31,'Mohammad Farrokhi Yazdi','محمد فرخی یزدی');
INSERT INTO `Prisoners` VALUES (32,'Nasser Zarafshan','ناصر زرافشان');
INSERT INTO `Prisoners` VALUES (33,'Akbar Ganji','اکبر گنجی');
INSERT INTO `Prisoners` VALUES (34,'Omid Reza Mir Sayafi','امیدرضا میرصیافی');
INSERT INTO `Prisoners` VALUES (35,'Vahid Asghari','وحید اصغری');
INSERT INTO `Prisoners` VALUES (36,'Hossein Khezri','حسین خضری');
INSERT INTO `Prisoners` VALUES (37,'Kianush Sanjari','کیانوش سنجری');
INSERT INTO `Prisoners` VALUES (38,'Mansour Osanlou','منصور اسانلو');
INSERT INTO `Prisoners` VALUES (39,'Saeed Malekpour','سعید ملک‌پور');
INSERT INTO `Prisoners` VALUES (40,'Marzieh Vafamehr','مرضیه وفامهر');
INSERT INTO `Prisoners` VALUES (41,'Fariborz Raisdana','فریبرز رئیس‌دانا');
INSERT INTO `Prisoners` VALUES (42,'Marina Nemat','مارینا نعمت');
INSERT INTO `Prisoners` VALUES (43,'Ali Akbar Saidi Sirjani','علی‌اکبر سعیدی سیرجانی');
INSERT INTO `Prisoners` VALUES (44,'Mohammad Ali Abtahi','محمدعلی ابطحی');
INSERT INTO `Prisoners` VALUES (45,'Haleh Esfandiari','هاله اسفندیاری');
INSERT INTO `Prisoners` VALUES (46,'Esha Momeni','عشا مومنی');
INSERT INTO `Prisoners` VALUES (47,'Hamid Ghassemi Shall','حمید قاسمی');
INSERT INTO `Prisoners` VALUES (48,'Mohsen Rouholamini','محسن روح‌الامینی');
INSERT INTO `Prisoners` VALUES (49,'Nasrin Sotoudeh','نسرین ستوده');
INSERT INTO `Prisoners` VALUES (50,'Pirouz Davani','پیروز دوانی');
INSERT INTO `Prisoners` VALUES (51,'Abbas Amir Entezam','عباس امیرانتظام');
INSERT INTO `Prisoners` VALUES (52,'Hossein Mousavian','حسین موسویان');
INSERT INTO `Prisoners` VALUES (53,'Mehdi Dibaj','مهدی دیباج');
INSERT INTO `Prisoners` VALUES (54,'Habibollah Latifi','حبیب‌الله لطیفی');
INSERT INTO `Prisoners` VALUES (55,'Shahram Jazayeri Arab','شهرام جزایری عرب');
INSERT INTO `Prisoners` VALUES (56,'Abdolhossein Teymourtash','عبدالحسین تیمورتاش');
INSERT INTO `Prisoners` VALUES (57,'Ahmad Moftizadeh','احمد مفتی‌زاده');
INSERT INTO `Prisoners` VALUES (58,'Reza Alinejad','رضا علی‌نژاد');
INSERT INTO `Prisoners` VALUES (59,'Sattar Beheshti','ستار بهشتی');
INSERT INTO `Prisoners` VALUES (60,'Abolqasem Lahouti','ابوالقاسم لاهوتی');
INSERT INTO `Prisoners` VALUES (61,'Omid Kokabee','امید کوکبی');
INSERT INTO `Prisoners` VALUES (62,'Hashem Sabbaghian','هاشم صباغیان');
INSERT INTO `Prisoners` VALUES (63,'Kian Tajbakhsh','کیان تاج‌بخش');
INSERT INTO `Prisoners` VALUES (64,'Zahra Bani Yaghoub','زهرا بنی‌یعقوب');
INSERT INTO `Prisoners` VALUES (65,'Taraneh Mousavi','ترانه موسوی');
INSERT INTO `Prisoners` VALUES (66,'Sakineh Mohammadi Ashtiani','سکینه محمدی آشتیانی');
INSERT INTO `Prisoners` VALUES (67,'Peyman Fattahi','پیمان فتاحی');
INSERT INTO `Prisoners` VALUES (68,'Mostafa Tajzadeh','مصطفی تاج‌زاده');
INSERT INTO `Prisoners` VALUES (69,'Ebrahim Yazdi','ابراهیم یزدی');
INSERT INTO `Prisoners` VALUES (70,'Babak Zanjani','بابک زنجانی');
INSERT INTO `Prisoners` VALUES (71,'Youcef Nadarkhani','یوسف ندرخانی');
INSERT INTO `Prisoners` VALUES (72,'فاطمه خردمند','فاطمه خردمند');
INSERT INTO `Prisoners` VALUES (73,'Narges Mohammadi','نرگس محمدی (روزنامه‌نگار)');
INSERT INTO `Prisoners` VALUES (74,'Jila Baniyaghoob','ژیلا بنی‌یعقوب');
INSERT INTO `Prisoners` VALUES (75,'Behrouz Javid Tehrani','بهروز جاوید تهرانی');
INSERT INTO `Prisoners` VALUES (76,'Mashallah Shamsolvaezin','ماشاالله شمس‌الواعظین');
INSERT INTO `Prisoners` VALUES (77,'Mohammad Nourizad','محمد نوری‌زاد');
INSERT INTO `Prisoners` VALUES (78,'Hashem Aghajari','سید هاشم آقاجری');
INSERT INTO `Prisoners` VALUES (79,'Ardeshir Ovanessian','آرداشس اوانسیان');
INSERT INTO `Prisoners` VALUES (80,'Clotilde Reiss','کلوتیلد ریس');
INSERT INTO `Prisoners` VALUES (81,'Arash Rahmanipour','آرش رحمانی‌پور');
INSERT INTO `Prisoners` VALUES (82,'Masoud Lavasani','مسعود لواسانی');
CREATE TABLE IF NOT EXISTS `Politicians` (
	`id`	INTEGER PRIMARY KEY AUTOINCREMENT,
	`name`	VARCHAR ( 250 ),
	`gender`	VARCHAR ( 200 ),
	`born_in`	VARCHAR ( 200 ),
	`die_in`	VARCHAR ( 200 ),
	`fa_label`	VARCHAR ( 200 )
);
INSERT INTO `Politicians` VALUES (1,'Mohammad Ali Foroughi','male','Tehran','Tehran','محمدعلی فروغی');
INSERT INTO `Politicians` VALUES (2,'حسن علی صارمی کلالی',NULL,NULL,NULL,'حسن علی صارمی کلالی');
INSERT INTO `Politicians` VALUES (3,'Massoud Mirza Zell e Soltan','male',NULL,NULL,'ظل‌السلطان');
INSERT INTO `Politicians` VALUES (4,'Mansoor Hekmat','male',NULL,'London','منصور حکمت');
INSERT INTO `Politicians` VALUES (5,'Alireza Ali Ahmadi','male','Isfahan',NULL,'علیرضا علی‌احمدی');
INSERT INTO `Politicians` VALUES (6,'حمید زنگنه',NULL,NULL,NULL,'حمید زنگنه');
INSERT INTO `Politicians` VALUES (7,'Kamran Bagheri Lankarani','male','Tehran',NULL,'کامران باقری لنکرانی');
INSERT INTO `Politicians` VALUES (8,'Davoud Soleymani','male',NULL,NULL,'داوود سلیمانی');
INSERT INTO `Politicians` VALUES (9,'Ali Khamenei','male','Mashhad',NULL,'سید علی خامنه‌ای');
INSERT INTO `Politicians` VALUES (10,'Ali Rabiei','male','Tehran',NULL,'علی ربیعی');
INSERT INTO `Politicians` VALUES (11,'غلامحسین خان سالار محتشم',NULL,NULL,NULL,'غلامحسین خان سالار محتشم');
INSERT INTO `Politicians` VALUES (12,'Ahmad Madani','male','Kerman','Denver','احمد مدنی');
INSERT INTO `Politicians` VALUES (13,'Ali Akbar Salehi','male','Karbala',NULL,'علی‌اکبر صالحی');
INSERT INTO `Politicians` VALUES (14,'Hassan Pakravan','male','Tehran','Tehran','حسن پاکروان');
INSERT INTO `Politicians` VALUES (15,'Ahmad Bourghani','male','Tehran','Tehran','احمد بورقانی');
INSERT INTO `Politicians` VALUES (16,'Alireza Nourizadeh','male',NULL,NULL,'علی‌رضا نوری‌زاده');
INSERT INTO `Politicians` VALUES (17,'Keyhan Hashemnia','male',NULL,NULL,'کیهان هاشم‌نیا');
INSERT INTO `Politicians` VALUES (18,'Balami',NULL,NULL,NULL,'ابوعلی بلعمی');
INSERT INTO `Politicians` VALUES (19,'Vosough od Dowleh','male','Tehran','Tehran','حسن وثوق');
INSERT INTO `Politicians` VALUES (20,'Mahmoud Jam',NULL,NULL,NULL,'محمود جم');
INSERT INTO `Politicians` VALUES (21,'Al Muqanna','male',NULL,NULL,'مقنع');
INSERT INTO `Politicians` VALUES (22,'Ali Akbar Velayati','male','Tehran',NULL,'علی‌اکبر ولایتی');
INSERT INTO `Politicians` VALUES (23,'ناصر ریگی',NULL,NULL,NULL,'ناصر ر̯ی');
INSERT INTO `Politicians` VALUES (24,'Ahmad Tavakkoli','male','Behshahr',NULL,'احمد توکلی');
INSERT INTO `Politicians` VALUES (25,'نصرالله فاطمی',NULL,NULL,NULL,'نصرالله فاطمی');
INSERT INTO `Politicians` VALUES (26,'Kazem Sami','male','Mashhad','Tehran','کاظم سامی');
INSERT INTO `Politicians` VALUES (27,'Ezzatollah Sahabi','male','Tehran','Tehran','عزت‌الله سحابی');
INSERT INTO `Politicians` VALUES (28,'علی‌اکبر طباطبایی',NULL,NULL,NULL,'علی‌اکبر طباطبایی');
INSERT INTO `Politicians` VALUES (29,'Ali Shakouri Rad','male',NULL,NULL,'علی شکوری‌راد');
INSERT INTO `Politicians` VALUES (30,'Mohammed Kazem Yazdi','male',NULL,NULL,'سید محمدکاظم طباطبایی یزدی');
INSERT INTO `Politicians` VALUES (31,'Keikhosrow Shahrokh','male',NULL,NULL,'کیخسرو شاهرخ');
INSERT INTO `Politicians` VALUES (32,'Rahman Dadman','male','Ardabil',NULL,'رحمان دادمان');
INSERT INTO `Politicians` VALUES (33,'Mohsen Kadivar','male',NULL,NULL,'محسن کدیور');
INSERT INTO `Politicians` VALUES (34,'Mojtaba Vahedi','male',NULL,NULL,'مجتبی واحدی');
INSERT INTO `Politicians` VALUES (35,'علی‌اکبر اشعری',NULL,NULL,NULL,'علی‌اکبر اشعری');
INSERT INTO `Politicians` VALUES (36,'Mehdi Bazargan','male','Tehran','Zürich','مهدی بازرگان');
INSERT INTO `Politicians` VALUES (37,'Ali Meshkini','male','Meshginshahr','Tehran','علی مشکینی');
INSERT INTO `Politicians` VALUES (38,'Javad Etaat',NULL,NULL,NULL,'جواد اطاعت');
INSERT INTO `Politicians` VALUES (39,'سعید رجائی خراسانی',NULL,'Kerman','Kerman','سعید رجائی خراسانی');
INSERT INTO `Politicians` VALUES (40,'حسین علیزاده (دیپلمات)',NULL,NULL,NULL,'حسین علیزاده (دیپلمات)');
INSERT INTO `Politicians` VALUES (41,'محمدرضا مخبر',NULL,NULL,NULL,'محمدرضا مخبر');
INSERT INTO `Politicians` VALUES (42,'Hassan Modarres','male',NULL,NULL,'سید حسن مدرس');
INSERT INTO `Politicians` VALUES (43,'Ahmad Qavam','male','Tehran','Tehran','احمد قوام');
INSERT INTO `Politicians` VALUES (44,'Shamseddin Hosseini','male','Tonekabon',NULL,'سید شمس‌الدین حسینی');
INSERT INTO `Politicians` VALUES (45,'مهرداد پهلبد',NULL,NULL,NULL,'مهرداد پهلبد');
INSERT INTO `Politicians` VALUES (46,'Masoud Mir Kazemi','male','Tehran',NULL,'مسعود میر کاظمی');
INSERT INTO `Politicians` VALUES (47,'Ali Jannati','male',NULL,NULL,'علی جنتی');
INSERT INTO `Politicians` VALUES (48,'Shojaeddin Shafa',NULL,NULL,NULL,'شجاع‌الدین شفا');
INSERT INTO `Politicians` VALUES (49,'محمد اسلامی',NULL,'Tehran',NULL,'محمد اسلامی');
INSERT INTO `Politicians` VALUES (50,'Mina Ahadi','female','Abhar',NULL,'مینا احدی');
INSERT INTO `Politicians` VALUES (51,'Mohsen Aminzadeh','male',NULL,NULL,'محسن امین‌زاده');
INSERT INTO `Politicians` VALUES (52,'محمد شریعتمداری',NULL,'Tehran',NULL,'محمد شریعتمداری');
INSERT INTO `Politicians` VALUES (53,'Elias Hazrati','male','Hashtrud',NULL,'الیاس حضرتی');
INSERT INTO `Politicians` VALUES (54,'Hossein Pirnia',NULL,NULL,NULL,'حسین پیرنیا');
INSERT INTO `Politicians` VALUES (55,'احمد میرفندرسکی',NULL,'Tehran',NULL,'احمد میرفندرسکی');
INSERT INTO `Politicians` VALUES (56,'Maryam Rajavi','female','Tehran',NULL,'مریم رجوی');
INSERT INTO `Politicians` VALUES (57,'Nader Shah','male',NULL,NULL,'نادرشاه');
INSERT INTO `Politicians` VALUES (58,'Safdar Hosseini','male',NULL,NULL,'سید صفدر حسینی');
INSERT INTO `Politicians` VALUES (59,'Jamshid Bahman Jamshidian',NULL,NULL,NULL,'جمشید جمشیدیان');
INSERT INTO `Politicians` VALUES (60,'Mahmoud Hessaby','male',NULL,'Geneva','محمود حسابی');
INSERT INTO `Politicians` VALUES (61,'ابوالحسن خان مشیرالملک',NULL,NULL,NULL,'ابوالحسن خان مشیرالملک');
INSERT INTO `Politicians` VALUES (62,'Ali Qoli Khan Bakhtiari','male',NULL,NULL,'علیقلی خان سردار اسعد');
INSERT INTO `Politicians` VALUES (63,'Ali Amini','male','Tehran','Paris','علی امینی');
INSERT INTO `Politicians` VALUES (64,'تهمورس آدمیت',NULL,'Tehran','Tehran','تهمورس آدمیت');
INSERT INTO `Politicians` VALUES (65,'Mohsen Hashemi Rafsanjani',NULL,'Kerman',NULL,'محسن هاشمی رفسنجانی');
INSERT INTO `Politicians` VALUES (66,'Morteza Motahhari','male','Fariman','Tehran','مرتضی مطهری');
INSERT INTO `Politicians` VALUES (67,'Mehdi Qoli Hedayat','male','Tehran','Tehran','مهدی‌قلی هدایت');
INSERT INTO `Politicians` VALUES (68,'Rashid al Din Hamadani','male',NULL,NULL,'رشیدالدین فضل‌الله همدانی');
INSERT INTO `Politicians` VALUES (69,'فیض‌الله عرب‌سرخی',NULL,NULL,NULL,'فیض‌الله عرب‌سرخی');
INSERT INTO `Politicians` VALUES (70,'فرامرز اسدی',NULL,NULL,NULL,'فرامرز اسدی');
INSERT INTO `Politicians` VALUES (71,'Morteza Alviri','male','Tehran',NULL,'مرتضی الویری');
INSERT INTO `Politicians` VALUES (72,'Mahmoud Vaezi','male',NULL,NULL,'محمود واعظی');
INSERT INTO `Politicians` VALUES (73,'Gholam Ali Haddad Adel','male','Tehran',NULL,'غلامعلی حداد عادل');
INSERT INTO `Politicians` VALUES (74,'Nizam al Mulk','male','Tus, Iran','Nahavand','نظام‌الملک');
INSERT INTO `Politicians` VALUES (75,'Mojtaba Khamenei','male',NULL,NULL,'سید مجتبی خامنه‌ای');
INSERT INTO `Politicians` VALUES (76,'Mahmoud Alavi','male','Lamerd',NULL,'سید محمود علوی');
INSERT INTO `Politicians` VALUES (77,'Mirza Ali Asghar Khan Amin al Sultan',NULL,'Tehran','Tehran','علی‌اصغر اتابک');
INSERT INTO `Politicians` VALUES (78,'Hossein Kamali','male',NULL,NULL,'حسین کمالی');
INSERT INTO `Politicians` VALUES (79,'Mirza Abolhassan Khan Ilchi','male',NULL,NULL,'ابوالحسن شیرازی');
INSERT INTO `Politicians` VALUES (80,'es/Seyyed Abdollah Behbahaní',NULL,NULL,NULL,'سید عبدالله بهبهانی');
INSERT INTO `Politicians` VALUES (81,'هادی نژادحسینیان',NULL,'Tehran',NULL,'هادی نژادحسینیان');
INSERT INTO `Politicians` VALUES (82,'میرزا محمدعلی سیوندی',NULL,NULL,NULL,'میرزا محمدعلی سیوندی');
INSERT INTO `Politicians` VALUES (83,'Faezeh Hashemi','female','Tehran',NULL,'فائزه هاشمی رفسنجانی');
INSERT INTO `Politicians` VALUES (84,'Ali Akbar Mousavi Khoeini','male',NULL,NULL,'علی‌اکبر موسوی خوئینی');
INSERT INTO `Politicians` VALUES (85,'Mohammad Salimi','male',NULL,NULL,'محمد سلیمی');
INSERT INTO `Politicians` VALUES (86,'Ghorbanali Dorri Najafabadi','male','Rey, Iran',NULL,'قربانعلی دری نجف‌آبادی');
INSERT INTO `Politicians` VALUES (87,'Sadeq Larijani','male','Najaf',NULL,'صادق لاریجانی');
INSERT INTO `Politicians` VALUES (88,'Tahmasb Mazaheri','male','Tehran',NULL,'طهماسب مظاهری');
INSERT INTO `Politicians` VALUES (89,'مهدی کلهر',NULL,NULL,NULL,'مهدی کلهر');
INSERT INTO `Politicians` VALUES (90,'Imam Quli Khan','male',NULL,NULL,'امامقلی خان');
INSERT INTO `Politicians` VALUES (91,'Ahmad Masjed Jamei','male','Tehran',NULL,'احمد مسجدجامعی');
INSERT INTO `Politicians` VALUES (92,'Ali Shariatmadari','male','Shiraz',NULL,'علی شریعتمداری');
INSERT INTO `Politicians` VALUES (93,'Mohammad Reza Mahdavi Kani','male','Tehran',NULL,'محمدرضا مهدوی کنی');
INSERT INTO `Politicians` VALUES (94,'Abbas Ahmad Akhoundi','male',NULL,NULL,'عباس احمد آخوندی');
INSERT INTO `Politicians` VALUES (95,'مجید آهی',NULL,'Tehran','Tehran','مجید آهی');
INSERT INTO `Politicians` VALUES (96,'Haji Baba Sheikh','male',NULL,NULL,'حاجی باباشیخ');
INSERT INTO `Politicians` VALUES (97,'Saeed Emami','male',NULL,NULL,'سعید امامی');
INSERT INTO `Politicians` VALUES (98,'Manouchehr Eghbal','male','Mashhad','Tehran','منوچهر اقبال');
INSERT INTO `Politicians` VALUES (99,'Haji Washington','male',NULL,NULL,'حسینقلی صدرالسلطنه');
INSERT INTO `Politicians` VALUES (100,'Fazlollah Zahedi','male','Hamedan','Geneva','فضل‌الله زاهدی');
INSERT INTO `Politicians` VALUES (101,'Amir Kabir','male','Arak, Iran','Kashan','امیرکبیر');
INSERT INTO `Politicians` VALUES (102,'Ali Dashti','male',NULL,NULL,'علی دشتی');
INSERT INTO `Politicians` VALUES (103,'Rezā Shāh','male','Alasht','Johannesburg','رضاشاه');
INSERT INTO `Politicians` VALUES (104,'ناصر سبحاني',NULL,NULL,NULL,'ناصر سبحانی');
INSERT INTO `Politicians` VALUES (105,'Fathollah Khan Akbar','male','Rasht','Tehran','فتح‌الله خان اکبر');
INSERT INTO `Politicians` VALUES (106,'Ghaem Magham Farahani','male','Arak, Iran','Tehran','قائم‌مقام فراهانی');
INSERT INTO `Politicians` VALUES (107,'Ziaeddin Tabatabaee','male','Shiraz','Tehran','سید ضیاءالدین طباطبایی');
INSERT INTO `Politicians` VALUES (108,'Mohammad Mehdi Zahedi','male','Kerman',NULL,'محمدمهدی زاهدی');
INSERT INTO `Politicians` VALUES (109,'Kamal Kharazi','male','Tehran',NULL,'کمال خرازی');
INSERT INTO `Politicians` VALUES (110,'Azizkhan Mokri',NULL,NULL,NULL,'عزیزخان مکری');
INSERT INTO `Politicians` VALUES (111,'Javad Arianmanesh','male',NULL,NULL,'جواد آرین منش');
INSERT INTO `Politicians` VALUES (112,'احمد خان ملک ساسانی',NULL,NULL,NULL,'احمد خان ملک ساسانی');
INSERT INTO `Politicians` VALUES (113,'Abdul Karim Mousavi Ardebili','male','Ardabil',NULL,'سید عبدالکریم موسوی اردبیلی');
INSERT INTO `Politicians` VALUES (114,'Hassan Kazemi Qumi',NULL,NULL,NULL,'حسن کاظمی قمی');
INSERT INTO `Politicians` VALUES (115,'امیر مفخم بختیاری',NULL,NULL,NULL,'امیر مفخم بختیاری');
INSERT INTO `Politicians` VALUES (116,'عبدالقدیر آزاد',NULL,NULL,NULL,'عبدالقدیر آزاد');
INSERT INTO `Politicians` VALUES (117,'Ardeshir Zahedi','male','Tehran',NULL,'اردشیر زاهدی');
INSERT INTO `Politicians` VALUES (118,'Akbar Mohammadi (student)','male','Amol','Tehran','اکبر محمدی (فعال دانشجویی)');
INSERT INTO `Politicians` VALUES (119,'Hussein Ali Montazeri','male','Najafabad','Qom','حسینعلی منتظری');
INSERT INTO `Politicians` VALUES (120,'Yahya Ale Eshaq','male','Qom',NULL,'یحیی آل‌اسحاق');
INSERT INTO `Politicians` VALUES (121,'Nasser Hejazi','male','Tehran','Tehran','ناصر حجازی');
INSERT INTO `Politicians` VALUES (122,'Ataollah Salehi','male','Tehran',NULL,'سید عطاءالله صالحی');
INSERT INTO `Politicians` VALUES (123,'محمدجواد فریدزاده',NULL,NULL,NULL,'محمدجواد فریدزاده');
INSERT INTO `Politicians` VALUES (124,'Ahmad Amir Ahmadi','male','Tehran','Tehran','احمد امیراحمدی');
INSERT INTO `Politicians` VALUES (125,'اسدالله بادامچیان',NULL,NULL,NULL,'اسدالله بادامچیان');
INSERT INTO `Politicians` VALUES (126,'Nematollah Nassiri','male','Semnan, Iran','Tehran','نعمت‌الله نصیری');
INSERT INTO `Politicians` VALUES (127,'Ahmad Sayyed Javadi','male','Qazvin','Tehran','احمد صدر حاج‌سیدجوادی');
INSERT INTO `Politicians` VALUES (128,'Jamileh Kadivar','female','Fasa',NULL,'جمیله کدیور');
INSERT INTO `Politicians` VALUES (129,'عبدالرحیم گواهی',NULL,NULL,NULL,'عبدالرحیم گواهی');
INSERT INTO `Politicians` VALUES (130,'Akbar Mohammadi (student)','male','Amol','Tehran','اکبر محمدی');
INSERT INTO `Politicians` VALUES (131,'Mohammad Ali Rajai','male','Qazvin','Tehran','محمدعلی رجایی');
INSERT INTO `Politicians` VALUES (132,'روح‌الله قهرمانی چابک',NULL,'Chaboksar',NULL,'روح‌الله قهرمانی چابک');
INSERT INTO `Politicians` VALUES (133,'Asghar Parsa','male','Khoy','Tehran','اصغر پارسا');
INSERT INTO `Politicians` VALUES (134,'Amanullah Jahanbani','male',NULL,NULL,'امان‌الله جهانبانی');
INSERT INTO `Politicians` VALUES (135,'Asadollah Alam','male','Birjand','New York City','اسدالله علم');
INSERT INTO `Politicians` VALUES (136,'Reza Malekzadeh','male',NULL,NULL,'رضا ملک‌زاده');
INSERT INTO `Politicians` VALUES (137,'منصور روحانی',NULL,NULL,NULL,'منصور روحانی');
INSERT INTO `Politicians` VALUES (138,'Sadegh Mahsouli','male','Urmia',NULL,'صادق محصولی');
INSERT INTO `Politicians` VALUES (139,'Mirza Nasrullah Khan','male',NULL,'Tehran','نصرالله مشیرالدوله');
INSERT INTO `Politicians` VALUES (140,'Hasan Arfa','male',NULL,NULL,'حسن ارفع');
INSERT INTO `Politicians` VALUES (141,'Mirza Mehdi Khan Astarabadi','male',NULL,NULL,'میرزا مهدی استرآبادی');
INSERT INTO `Politicians` VALUES (142,'Mohammad Saed','male','Maragheh','Tehran','محمد ساعد');
INSERT INTO `Politicians` VALUES (143,'Ali Reza Asgari','male','Ardestan',NULL,'علیرضا عسگری');
INSERT INTO `Politicians` VALUES (144,'Ali Younesi','male','Nahavand',NULL,'علی یونسی');
INSERT INTO `Politicians` VALUES (145,'Mohammad Farrokhi Yazdi','male',NULL,NULL,'محمد فرخی یزدی');
INSERT INTO `Politicians` VALUES (146,'Gholam Reza Aghazadeh','male','Khoy',NULL,'غلام‌رضا آقازاده');
INSERT INTO `Politicians` VALUES (147,'Mohsen Rezaee','male','Masjed Soleyman',NULL,'محسن رضایی');
INSERT INTO `Politicians` VALUES (148,'Mahmoud Hashemi Shahroudi','male','Najaf',NULL,'محمود هاشمی شاهرودی');
INSERT INTO `Politicians` VALUES (149,'Ashraf Dehghani','female',NULL,NULL,'اشرف دهقانی');
INSERT INTO `Politicians` VALUES (150,'Elaheh Koulaei','female',NULL,NULL,'الهه کولایی');
INSERT INTO `Politicians` VALUES (151,'Hossein Saffar Harandi','male','Gorgan',NULL,'محمدحسین صفار هرندی');
INSERT INTO `Politicians` VALUES (152,'Ali Fallahian','male','Najafabad',NULL,'علی فلاحیان');
INSERT INTO `Politicians` VALUES (153,'Mehdi Hashemi','male','Isfahan',NULL,'سید مهدی هاشمی');
INSERT INTO `Politicians` VALUES (154,'حبیب‌الله عین‌الملک',NULL,NULL,NULL,'حبیب‌الله عین‌الملک');
INSERT INTO `Politicians` VALUES (155,'حجت‌الله ایوبی',NULL,NULL,NULL,'حجت‌الله ایوبی');
INSERT INTO `Politicians` VALUES (156,'Nasser Moghadam','male','Tehran','Tehran','ناصر مقدم');
INSERT INTO `Politicians` VALUES (157,'Hashemi Rafsanjani',NULL,'Bahreman',NULL,'اکبر هاشمی رفسنجانی');
INSERT INTO `Politicians` VALUES (158,'Karim Sanjabi','male','Kermanshah','Carbondale, Illinois','کریم سنجابی');
INSERT INTO `Politicians` VALUES (159,'Abolhassan Banisadr','male','Hamedan',NULL,'ابوالحسن بنی‌صدر');
INSERT INTO `Politicians` VALUES (160,'Ali Akbar Nategh Nouri','male','Nur, Iran',NULL,'علی‌اکبر ناطق‌نوری');
INSERT INTO `Politicians` VALUES (161,'Sadeq Ganji',NULL,NULL,NULL,'صادق گنجی');
INSERT INTO `Politicians` VALUES (162,'Mohammad Yeganeh','male',NULL,NULL,'محمد ̯انه');
INSERT INTO `Politicians` VALUES (163,'حمید سیاح',NULL,NULL,NULL,'حمید سیاح');
INSERT INTO `Politicians` VALUES (164,'Ali Shayegan','male',NULL,NULL,'علی شا̯ان');
INSERT INTO `Politicians` VALUES (165,'Mostafa Moeen','male','Najafabad',NULL,'مصطفی معین');
INSERT INTO `Politicians` VALUES (166,'Ali Shamkhani','male','Ahvaz',NULL,'علی شمخانی');
INSERT INTO `Politicians` VALUES (167,'Heydar Moslehi','male','Shahreza',NULL,'حیدر مصلحی');
INSERT INTO `Politicians` VALUES (168,'Habibollah Bitaraf','male',NULL,NULL,'حبیب‌الله بیطرف');
INSERT INTO `Politicians` VALUES (169,'Morteza Agha Tehrani','male','Tiran, Iran',NULL,'مرتضی آقاتهرانی');
INSERT INTO `Politicians` VALUES (170,'Rasoul Khadem','male','Mashhad',NULL,'رسول خادم');
INSERT INTO `Politicians` VALUES (171,'Mohammad Saeedikia','male','Isfahan',NULL,'محمد سعیدی‌کیا');
INSERT INTO `Politicians` VALUES (172,'Hadi Khamenei','male',NULL,NULL,'سید هادی خامنه‌ای');
INSERT INTO `Politicians` VALUES (173,'Teymur Bakhtiar','male','Shahr e Kord',NULL,'تیمور بختیار');
INSERT INTO `Politicians` VALUES (174,'Mohsen Mirdamadi','male','Najafabad',NULL,'محسن میردامادی');
INSERT INTO `Politicians` VALUES (175,'Mohammad Khoshchehreh','male','Tehran',NULL,'محمد خوش‌چهره');
INSERT INTO `Politicians` VALUES (176,'Amir Reza Khadem','male',NULL,NULL,'امیررضا خادم');
INSERT INTO `Politicians` VALUES (177,'Masoumeh Ebtekar','female','Tehran',NULL,'معصومه ابتکار');
INSERT INTO `Politicians` VALUES (178,'Ahmad Motevaselian',NULL,NULL,NULL,'احمد متوسلیان');
INSERT INTO `Politicians` VALUES (179,'Majid Rahnema','male',NULL,NULL,'مجید رهنما');
INSERT INTO `Politicians` VALUES (180,'Mohammad Khatami','male','Ardakan',NULL,'سید محمد خاتمی');
INSERT INTO `Politicians` VALUES (181,'Hossein Ala','male','Tehran','Tehran','حسین علاء');
INSERT INTO `Politicians` VALUES (182,'Abol Ghasem Kashani','male','Tehran','Tehran','سید ابوالقاسم کاشانی');
INSERT INTO `Politicians` VALUES (183,'Abdolmalek Rigi','male',NULL,'Tehran','عبدالمالک ر̯ی');
INSERT INTO `Politicians` VALUES (184,'Qazi Muhammad','male','Mahabad','Mahabad','قاضی محمد');
INSERT INTO `Politicians` VALUES (185,'Abdollah Javadi Amoli','male',NULL,NULL,'عبدالله جوادی آملی');
INSERT INTO `Politicians` VALUES (186,'Hassan Abbasi','male',NULL,NULL,'حسن عباسی');
INSERT INTO `Politicians` VALUES (187,'Ahmad Khomeini','male','Qom','Tehran','سید احمد خمینی');
INSERT INTO `Politicians` VALUES (188,'Manuchehr Eliasi',NULL,NULL,NULL,'منوچهر الیاسی');
INSERT INTO `Politicians` VALUES (189,'Seyed Mehdi Miraboutalebi',NULL,NULL,NULL,'سید مهدی میرابوطالبی');
INSERT INTO `Politicians` VALUES (190,'Ashraf Pahlavi','female','Tehran',NULL,'اشرف پهلوی');
INSERT INTO `Politicians` VALUES (191,'ابوالقاسم خان بختیار',NULL,NULL,NULL,'ابوالقاسم خان بختیار');
INSERT INTO `Politicians` VALUES (192,'Mohammad Ali Najafi','male','Tehran',NULL,'محمدعلی نجفی');
INSERT INTO `Politicians` VALUES (193,'Mohsen Mehralizadeh','male','Maragheh',NULL,'محسن مهرعلیزاده');
INSERT INTO `Politicians` VALUES (194,'Mirza Malkam Khan','male','Isfahan','Rome','میرزا ملکم‌خان');
INSERT INTO `Politicians` VALUES (195,'Mohsen Safaei Farahani','male',NULL,NULL,'محسن صفایی فراهانی');
INSERT INTO `Politicians` VALUES (196,'Massoud Rajavi','male','Tabas',NULL,'مسعود رجوی');
INSERT INTO `Politicians` VALUES (197,'Mohammad Reza Heydari','male',NULL,NULL,'محمدرضا حیدری');
INSERT INTO `Politicians` VALUES (198,'Feridoun Jam',NULL,NULL,NULL,'فریدون جم');
INSERT INTO `Politicians` VALUES (199,'Mirza Hosein Khan Moshir od Dowleh','male',NULL,NULL,'میرزا حسین‌خان سپهسالار');
INSERT INTO `Politicians` VALUES (200,'Gholamhossein Karbaschi','male','Tehran',NULL,'غلامحسین کرباسچی');
INSERT INTO `Politicians` VALUES (201,'Mohammad Reza Mirtajodini','male','Tabriz',NULL,'سید محمدرضا میرتاج‌الدینی');
INSERT INTO `Politicians` VALUES (202,'Piruz Dilanchi','male','Tehran',NULL,'پیروز دیلنچی');
INSERT INTO `Politicians` VALUES (203,'Ghasem Sholeh Saadi',NULL,NULL,NULL,'قاسم شعله‌سعدی');
INSERT INTO `Politicians` VALUES (204,'Hossein Kazemzadeh',NULL,NULL,NULL,'حسین کاظم‌زاده ایرانشهر');
INSERT INTO `Politicians` VALUES (205,'Mohammad Nahavandian','male','Tehran',NULL,'محمد نهاوندیان');
INSERT INTO `Politicians` VALUES (206,'Yahya Rahim Safavi','male','Isfahan',NULL,'سید یحیی رحیم‌صفوی');
INSERT INTO `Politicians` VALUES (207,'Jafar Towfighi','male',NULL,NULL,'جعفر توفیقی');
INSERT INTO `Politicians` VALUES (208,'Manouchehr Mottaki','male','Bandar e Gaz',NULL,'منوچهر متکی');
INSERT INTO `Politicians` VALUES (209,'Jalal Jalalizadeh','male',NULL,NULL,'جلال جلالی‌زاده');
INSERT INTO `Politicians` VALUES (210,'Abbas Foroughi Bastami',NULL,NULL,NULL,'فروغی بسطامی');
INSERT INTO `Politicians` VALUES (211,'Asadollah Bayat Zanjani','male',NULL,NULL,'اسدالله بیات زنجانی');
INSERT INTO `Politicians` VALUES (212,'جعفر بهبهانی',NULL,NULL,NULL,'جعفر بهبهانی');
INSERT INTO `Politicians` VALUES (213,'Ahmad Matin Daftari','male','Tehran','Tehran','احمد متین دفتری');
INSERT INTO `Politicians` VALUES (214,'Sadegh Kharazi','male','Tehran',NULL,'سید محمدصادق خرازی');
INSERT INTO `Politicians` VALUES (215,'Mohammad Ali Khan Ala al Saltaneh',NULL,NULL,NULL,'محمدعلی علاءالسلطنه');
INSERT INTO `Politicians` VALUES (216,'ابوالفضل اسلامی',NULL,NULL,NULL,'ابوالفضل اسلامی');
INSERT INTO `Politicians` VALUES (217,'Hamid Sajjadi','male',NULL,NULL,'حمید سجادی');
INSERT INTO `Politicians` VALUES (218,'سید طاهر طاهری',NULL,NULL,NULL,'سید طاهر طاهری');
INSERT INTO `Politicians` VALUES (219,'Bahram Mavaddat','male','Tehran',NULL,'بهرام مودت');
INSERT INTO `Politicians` VALUES (220,'اسماعیل ططری',NULL,NULL,NULL,'اسماعیل ططری');
INSERT INTO `Politicians` VALUES (221,'Mohammad Bagher Nobakht','male','Rasht',NULL,'محمدباقر نوبخت');
INSERT INTO `Politicians` VALUES (222,'Mahmoud Ahmadinejad','male','Aradan, Iran',NULL,'محمود احمدی‌نژاد');
INSERT INTO `Politicians` VALUES (223,'Hossein Khan Sardar','male',NULL,NULL,'حسینقلی خان سردار ایروانی');
INSERT INTO `Politicians` VALUES (224,'Daud Khan Undiladze','male',NULL,NULL,'داوود خان گرجی');
INSERT INTO `Politicians` VALUES (225,'Ahmad Khorram','male','Isfahan',NULL,'احمد خرم');
INSERT INTO `Politicians` VALUES (226,'Alireza Zakani','male',NULL,NULL,'علیرضا زاکانی');
INSERT INTO `Politicians` VALUES (227,'Ahmad Ahmadi (philosopher)','male',NULL,NULL,'احمد احمدی (نماینده مجلس)');
INSERT INTO `Politicians` VALUES (228,'Reza Pahlavi','male','Tehran',NULL,'رضا پهلوی');
INSERT INTO `Politicians` VALUES (229,'Farah Pahlavi','female','Tehran',NULL,'فرح پهلوی');
INSERT INTO `Politicians` VALUES (230,'Bijan Namdar Zangeneh','male','Kermanshah',NULL,'ب̘ن نامدار زنگنه');
INSERT INTO `Politicians` VALUES (231,'Abdolhossein Hazhir','male','Kashan','Tehran','عبدالحسین هژیر');
INSERT INTO `Politicians` VALUES (232,'Iradj Fazel','male','Ardestan',NULL,'ایرج فاضل');
INSERT INTO `Politicians` VALUES (233,'میرزا حسین اصفهانی',NULL,NULL,NULL,'میرزا حسین اصفهانی');
INSERT INTO `Politicians` VALUES (234,'Abdullah Entezam','male',NULL,'Tehran','عبدالله انتظام');
INSERT INTO `Politicians` VALUES (235,'Amir Mohebbian','male','Tehran',NULL,'امیر محبیان');
INSERT INTO `Politicians` VALUES (236,'Mostafa Kavakebian','male',NULL,NULL,'مصطفی کواکبیان');
INSERT INTO `Politicians` VALUES (237,'Abdollah Ramezanzadeh','male','Tehran',NULL,'عبدالله رمضان‌زاده');
INSERT INTO `Politicians` VALUES (238,'Ali Akbar Mohtashamipur','male','Tehran',NULL,'علی‌اکبر محتشمی‌پور');
INSERT INTO `Politicians` VALUES (239,'Hassan Habibi','male','Tehran',NULL,'حسن حبیبی');
INSERT INTO `Politicians` VALUES (240,'Cabinet of Iran','male',NULL,NULL,'هیئت دولت ایران');
INSERT INTO `Politicians` VALUES (241,'Mohammad Abbasi','male',NULL,NULL,'محمد عباسی');
INSERT INTO `Politicians` VALUES (242,'Ruhollah Khomeini','male','Khomeyn','Tehran','سید روح‌الله خمینی');
INSERT INTO `Politicians` VALUES (243,'Ali Akbar Mehrabian','male',NULL,NULL,'علی‌اکبر محرابیان');
INSERT INTO `Politicians` VALUES (244,'Akbar Alami','male',NULL,NULL,'اکبر اعلمی');
INSERT INTO `Politicians` VALUES (245,'Iraj Pezeshkzad','male',NULL,NULL,'ایرج پزشک‌زاد');
INSERT INTO `Politicians` VALUES (246,'Ciamak Moresadegh','male',NULL,NULL,'سیامک مره صدق');
INSERT INTO `Politicians` VALUES (247,'Mohammad Ali Abtahi','male','Mashhad',NULL,'محمدعلی ابطحی');
INSERT INTO `Politicians` VALUES (248,'Ahmad Shirzad','male',NULL,NULL,'احمد شیرزاد');
INSERT INTO `Politicians` VALUES (249,'Mohammad Taqi Mesbah Yazdi','male','Yazd',NULL,'محمدتقی مصباح یزدی');
INSERT INTO `Politicians` VALUES (250,'Hushang Ansary','male','Ahvaz',NULL,'هوشنگ انصاری');
INSERT INTO `Politicians` VALUES (251,'Parviz Fattah','male','Urmia',NULL,'پرویز فتاح');
INSERT INTO `Politicians` VALUES (252,'Ataollah Mohajerani','male','Arak, Iran',NULL,'عطاءالله مهاجرانی');
INSERT INTO `Politicians` VALUES (253,'Ali Akbar Dehkhoda','male','Tehran',NULL,'علی‌اکبر دهخدا');
INSERT INTO `Politicians` VALUES (254,'Hassan Khomeini','male','Qom',NULL,'سید حسن خمینی');
INSERT INTO `Politicians` VALUES (255,'Sayyid Hossein Ardabili','male',NULL,NULL,'سیدحسین اردبیلی');
INSERT INTO `Politicians` VALUES (256,'Hassan Ayat','male',NULL,NULL,'سید حسن آیت');
INSERT INTO `Politicians` VALUES (257,'Reza Sheykholeslam','male','Chalus, Iran',NULL,'عبدالرضا شیخ‌الاسلامی');
INSERT INTO `Politicians` VALUES (258,'صفر لفوتی',NULL,'Astaneh ye Ashrafiyeh',NULL,'صفر لفوتی');
INSERT INTO `Politicians` VALUES (259,'الیاس نادران',NULL,'Shahrud, Iran',NULL,'الیاس نادران');
INSERT INTO `Politicians` VALUES (260,'سلطان محمد خان سردار اشجع',NULL,NULL,NULL,'سلطان محمد خان سردار اشجع');
INSERT INTO `Politicians` VALUES (261,'Hassan Rahimpour Azghadi','male',NULL,NULL,'حسن رحیم‌پور ازغدی');
INSERT INTO `Politicians` VALUES (262,'Mohammad Reza Ameli Tehrani','male','Tehran','Tehran','محمدرضا عاملی تهرانی');
INSERT INTO `Politicians` VALUES (263,'احمد دهقان (نماینده مجلس)',NULL,NULL,NULL,'احمد دهقان (نماینده مجلس)');
INSERT INTO `Politicians` VALUES (264,'Ali Soheili','male','Tabriz','London','علی سهیلی');
INSERT INTO `Politicians` VALUES (265,'Hamid Behbahani','male','Behbahan',NULL,'حمید بهبهانی');
INSERT INTO `Politicians` VALUES (266,'Mohsen Sadr','male','Mahallat','Tehran','محسن صدر');
INSERT INTO `Politicians` VALUES (267,'Fatemeh Karroubi','female',NULL,NULL,'فاطمه کروبی');
INSERT INTO `Politicians` VALUES (268,'Saeed Jalili','male','Mashhad',NULL,'سعید جلیلی');
INSERT INTO `Politicians` VALUES (269,'Ali Asghar Soltanieh','male',NULL,NULL,'علی‌اصغر سلطانیه');
INSERT INTO `Politicians` VALUES (270,'Mohammad Hossein Adeli','male','Ahvaz',NULL,'محمدحسین عادلی');
INSERT INTO `Politicians` VALUES (271,'Mohsen Rafighdoost','male','Tehran',NULL,'محسن رفیقدوست');
INSERT INTO `Politicians` VALUES (272,'بهروز کمالوندی',NULL,NULL,NULL,'بهروز کمالوندی');
INSERT INTO `Politicians` VALUES (273,'Hassan Ali Mansur','male','Tehran','Tehran','حسنعلی منصور');
INSERT INTO `Politicians` VALUES (274,'Emad Afroogh','male','Shiraz',NULL,'عماد افروغ');
INSERT INTO `Politicians` VALUES (275,'حسین علیزاده (دیپلمات)',NULL,NULL,NULL,'حسین علیزاده');
INSERT INTO `Politicians` VALUES (276,'Firouz Mirza Nosrat ed Dowleh Farman Farmaian III',NULL,'Tehran','Semnan, Iran','فیروز فیروز');
INSERT INTO `Politicians` VALUES (277,'Alaeddin Boroujerdi','male',NULL,NULL,'علاءالدین بروجردی');
INSERT INTO `Politicians` VALUES (278,'محمود فروغی',NULL,NULL,NULL,'محمود فروغی');
INSERT INTO `Politicians` VALUES (279,'Mostafa Pourmohammadi','male','Qom',NULL,'مصطفی پورمحمدی');
INSERT INTO `Politicians` VALUES (280,'زین‌العابدین رهنما',NULL,NULL,NULL,'زین‌العابدین رهنما');
INSERT INTO `Politicians` VALUES (281,'Dariush Forouhar','male','Isfahan','Tehran','داریوش فروهر');
INSERT INTO `Politicians` VALUES (282,'Dariush Homayoon','male','Tehran','Geneva','داریوش همایون');
INSERT INTO `Politicians` VALUES (283,'Mohammad Kazem Khorasani','male',NULL,NULL,'محمدکاظم خراسانی');
INSERT INTO `Politicians` VALUES (284,'Parviz Davoodi','male','Tehran',NULL,'پرویز داوودی');
INSERT INTO `Politicians` VALUES (285,'Mohammad Vaez Abaee Khorasani','male',NULL,NULL,'محمد عبایی خراسانی');
INSERT INTO `Politicians` VALUES (286,'سید علی‌رضا بهشتی شیرازی',NULL,NULL,NULL,'سید علی‌رضا بهشتی شیرازی');
INSERT INTO `Politicians` VALUES (287,'Majead Ansari','male','Kerman',NULL,'مجید انصاری');
INSERT INTO `Politicians` VALUES (288,'سید رضا فیروزآبادی',NULL,NULL,NULL,'سید رضا فیروزآبادی');
INSERT INTO `Politicians` VALUES (289,'Alireza Rajaei','male','Tehran',NULL,'علیرضا رجایی');
INSERT INTO `Politicians` VALUES (290,'یوسف خان امیر مجاهد',NULL,NULL,NULL,'یوسف خان امیر مجاهد');
INSERT INTO `Politicians` VALUES (291,'Davoud Danesh Jafari','male','Tehran',NULL,'داوود دانش‌جعفری');
INSERT INTO `Politicians` VALUES (292,'Gholam Hossein Mohseni Ejei','male','Isfahan',NULL,'غلامحسین محسنی اژه‌ای');
INSERT INTO `Politicians` VALUES (293,'Shapour Bakhtiar','male','Izeh','Paris','شاپور بختیار');
INSERT INTO `Politicians` VALUES (294,'Alireza Marandi','male','Isfahan',NULL,'علی‌رضا مرندی');
INSERT INTO `Politicians` VALUES (295,'Haj Ali Razmara','male','Tehran',NULL,'حاجی‌علی رزم‌آرا');
INSERT INTO `Politicians` VALUES (296,'Hossein Fardoust','male',NULL,NULL,'حسین فردوست');
INSERT INTO `Politicians` VALUES (297,'Marzieh Hadidchi','female',NULL,NULL,'مرضیه حدیدچی');
INSERT INTO `Politicians` VALUES (298,'Morteza Qoli Bayat','male','Arak, Iran','Tehran','مرتضی‌قلی بیات');
INSERT INTO `Politicians` VALUES (299,'Mohsen Armin','male',NULL,NULL,'محسن آرمین');
INSERT INTO `Politicians` VALUES (300,'Abbas Amir Entezam','male','Tehran',NULL,'عباس امیرانتظام');
INSERT INTO `Politicians` VALUES (301,'صفی قلی‌خان',NULL,NULL,NULL,'صفی قلی‌خان');
INSERT INTO `Politicians` VALUES (302,'Levon Davidian','male',NULL,NULL,'لون داویدیان');
INSERT INTO `Politicians` VALUES (303,'Ali Bagheri','male',NULL,NULL,'علی باقری');
INSERT INTO `Politicians` VALUES (304,'Masoud Pezeshkian','male','Tabriz',NULL,'مسعود پزشکیان');
INSERT INTO `Politicians` VALUES (305,'Gholam Hossein Elham',NULL,'Andimeshk',NULL,'غلامحسین الهام');
INSERT INTO `Politicians` VALUES (306,'Hossein Mousavian','male','Kashan',NULL,'حسین موسویان');
INSERT INTO `Politicians` VALUES (307,'Mohammad Soleimani','male','Khesht',NULL,'محمد سلیمانی');
INSERT INTO `Politicians` VALUES (308,'Habibollah Peyman','male',NULL,NULL,'حبیب‌الله پیمان');
INSERT INTO `Politicians` VALUES (309,'Mohammad Reza Rahimi','male','Serishabad',NULL,'محمدرضا رحیمی');
INSERT INTO `Politicians` VALUES (310,'Mostafa Mohammad Najjar','male','Tehran',NULL,'مصطفی محمدنجار');
INSERT INTO `Politicians` VALUES (311,'Sayyid Ajjal Shams al Din Omar','male',NULL,NULL,'سید اجل شمس‌الدین');
INSERT INTO `Politicians` VALUES (312,'توران فتح‌الله‌زاده',NULL,NULL,NULL,'توران فتح‌الله‌زاده');
INSERT INTO `Politicians` VALUES (313,'Hasan Nazih','male',NULL,NULL,'حسن نزیه');
INSERT INTO `Politicians` VALUES (314,'Mohammad Taqi Bahar','male','Mashhad','Tehran','محمدتقی بهار');
INSERT INTO `Politicians` VALUES (315,'Marzieh Vahid Dastjerdi','female','Tehran',NULL,'مرضیه وحید دستجردی');
INSERT INTO `Politicians` VALUES (316,'Ahmad Ahmadi (philosopher)','male',NULL,NULL,'احمد احمدی');
INSERT INTO `Politicians` VALUES (317,'Hamid Baqai','male',NULL,NULL,'حمیدرضا بقایی');
INSERT INTO `Politicians` VALUES (318,'Mostowfi ol Mamalek','male','Tehran','Tehran','حسن مستوفی');
INSERT INTO `Politicians` VALUES (319,'Mohammad Khiabani','male',NULL,NULL,'شیخ محمد خیابانی');
INSERT INTO `Politicians` VALUES (320,'Mohammad Marandi','male',NULL,NULL,'محمد مرندی');
INSERT INTO `Politicians` VALUES (321,'Yadollah Sahabi','male','Tehran','Tehran','یدالله سحابی');
INSERT INTO `Politicians` VALUES (322,'Mohammad Mofatteh','male',NULL,NULL,'محمد مفتح');
INSERT INTO `Politicians` VALUES (323,'Ismail Mumtaz','male',NULL,NULL,'اسماعیل ممتاز');
INSERT INTO `Politicians` VALUES (324,'Habibollah Asgaroladi','male','Tehran',NULL,'حبیب‌الله عسگراولادی');
INSERT INTO `Politicians` VALUES (325,'Hasan Arsanjani','male','Tehran',NULL,'حسن ارسنجانی');
INSERT INTO `Politicians` VALUES (326,'Mohammad Vali Khan Tonekaboni','male','Tonekabon','Tehran','محمدولی تنکابنی');
INSERT INTO `Politicians` VALUES (327,'سید عبدالباقی شیرازی',NULL,NULL,NULL,'سید عبدالباقی شیرازی');
INSERT INTO `Politicians` VALUES (328,'Reza Taghipour','male','Maragheh',NULL,'رضا تقی‌پور');
INSERT INTO `Politicians` VALUES (329,'Kuchik Khan','male','Rasht','Khalkhal','میرزا کوچک خان جنگلی');
INSERT INTO `Politicians` VALUES (330,'فؤاد روحانی',NULL,NULL,NULL,'فؤاد روحانی');
INSERT INTO `Politicians` VALUES (331,'علی‌اصغر حکمت',NULL,NULL,'Tehran','علی‌اصغر حکمت');
INSERT INTO `Politicians` VALUES (332,'Ruhollah Khatami','male',NULL,NULL,'سید روح‌الله خاتمی');
INSERT INTO `Politicians` VALUES (333,'Abdolhossein Teymourtash','male','Bojnord','Tehran','عبدالحسین تیمورتاش');
INSERT INTO `Politicians` VALUES (334,'Mehdi Hashemi','male','Isfahan',NULL,'سید مهدی هاشمی (پاسدار)');
INSERT INTO `Politicians` VALUES (335,'Alireza Tahmasbi','male','Shiraz',NULL,'علیرضا طهماسبی');
INSERT INTO `Politicians` VALUES (336,'Ahmad Moftizadeh','male',NULL,NULL,'احمد مفتی‌زاده');
INSERT INTO `Politicians` VALUES (337,'Hamid Reza Assefi','male',NULL,NULL,'حمیدرضا آصفی');
INSERT INTO `Politicians` VALUES (338,'Kazem Seddiqi','male',NULL,NULL,'کاظم صدیقی');
INSERT INTO `Politicians` VALUES (339,'Effat Shariati','female','Mashhad',NULL,'عفت شریعتی کوه بنانی');
INSERT INTO `Politicians` VALUES (340,'Abdolreza Rahmani Fazli','male','Shirvan, Iran',NULL,'عبدالرضا رحمانی فضلی');
INSERT INTO `Politicians` VALUES (341,'Mohammad Ali Najafi','male','Tehran',NULL,'محمدعلی نجفی (سیاست‌مدار)');
INSERT INTO `Politicians` VALUES (342,'Morteza Mohammadkhan','male','Tehran',NULL,'مرتضی محمدخان');
INSERT INTO `Politicians` VALUES (343,'Gholamreza Ansari','male',NULL,NULL,'غلامرضا انصاری');
INSERT INTO `Politicians` VALUES (344,'علیرضا شیخ عطار',NULL,NULL,NULL,'علیرضا شیخ عطار');
INSERT INTO `Politicians` VALUES (345,'مهرانگیز دولت‌شاهی',NULL,'Isfahan','Paris','مهرانگیز دولت‌شاهی');
INSERT INTO `Politicians` VALUES (346,'سیروس آموزگار',NULL,'Tehran',NULL,'سیروس آموزگار');
INSERT INTO `Politicians` VALUES (347,'Fatemeh Haghighatjoo','female',NULL,NULL,'فاطمه حقیقت‌جو');
INSERT INTO `Politicians` VALUES (348,'Ahmad Vahidi','male','Shiraz',NULL,'احمد وحیدی');
INSERT INTO `Politicians` VALUES (349,'Manutchehr Salimi','male',NULL,NULL,'منوچهر سلیمی');
INSERT INTO `Politicians` VALUES (350,'Sheikh Fazlollah Noori','male',NULL,NULL,'شیخ فضل‌الله نوری');
INSERT INTO `Politicians` VALUES (351,'Mohammadreza Nematzadeh','male','Tabriz',NULL,'محمدرضا نعمت‌زاده');
INSERT INTO `Politicians` VALUES (352,'Mehdi Ghazanfari',NULL,'Aligudarz',NULL,'مهدی غضنفری');
INSERT INTO `Politicians` VALUES (353,'Hashem Sabbaghian','male','Tehran',NULL,'هاشم صباغیان');
INSERT INTO `Politicians` VALUES (354,'Navvab Safavi','male',NULL,NULL,'سید مجتبی نواب صفوی');
INSERT INTO `Politicians` VALUES (355,'Ali Akbar Davar','male','Tehran','Tehran','علی‌اکبر داور');
INSERT INTO `Politicians` VALUES (356,'احمد دهقان (نماینده مجلس)',NULL,NULL,NULL,'احمد دهقان');
INSERT INTO `Politicians` VALUES (357,'Majid Namjoo','male','Kerman',NULL,'مجید نامجو');
INSERT INTO `Politicians` VALUES (358,'Shirin Ebadi','female','Hamedan',NULL,'شیرین عبادی');
INSERT INTO `Politicians` VALUES (359,'Ebrahim Asgharzadeh','male','Khash, Iran',NULL,'ابراهیم اصغرزاده');
INSERT INTO `Politicians` VALUES (360,'Taqi Arani','male',NULL,NULL,'تقی ارانی');
INSERT INTO `Politicians` VALUES (361,'Abdol Hossein Sardari','male','Tehran','Nottingham','عبدالحسین سرداری');
INSERT INTO `Politicians` VALUES (362,'Eshaq Jahangiri','male','Sirjan',NULL,'اسحاق جهانگیری');
INSERT INTO `Politicians` VALUES (363,'Noureddin Kianouri','male',NULL,NULL,'نورالدین کیانوری');
INSERT INTO `Politicians` VALUES (364,'Reza Zanjani','male',NULL,NULL,'سید رضا زنجانی');
INSERT INTO `Politicians` VALUES (365,'Gholamreza Nikpey','male','Isfahan','Tehran','غلامرضا ن̩‌پی');
INSERT INTO `Politicians` VALUES (366,'Ali Akbar Javanfekr','male','Tehran',NULL,'علی‌اکبر جوانفکر');
INSERT INTO `Politicians` VALUES (367,'Mohammad Kazem Shariatmadari','male',NULL,NULL,'سید محمدکاظم شریعتمداری');
INSERT INTO `Politicians` VALUES (368,'احمد ملکی',NULL,NULL,NULL,'احمد ملکی');
INSERT INTO `Politicians` VALUES (369,'Morteza Gholi Khan Hedayat','male','Tehran','Tehran','مرتضی‌قلی صنیع‌الدوله');
INSERT INTO `Politicians` VALUES (370,'Div Sultan Rumlu','male',NULL,NULL,'دیوسلطان');
INSERT INTO `Politicians` VALUES (371,'Hassan Abbasi','male',NULL,NULL,'حسن عباسی (تحلیلگر)');
INSERT INTO `Politicians` VALUES (372,'Parviz Varjavand','male','Tehran','Tehran','پرویز ورجاوند');
INSERT INTO `Politicians` VALUES (373,'Amir Abdollah Tahmasebi','male','Tehran','Borujerd','عبدالله امیرطهماسبی');
INSERT INTO `Politicians` VALUES (374,'Ebrahim Yazdi','male','Qazvin',NULL,'ابراهیم یزدی');
INSERT INTO `Politicians` VALUES (375,'Hassan Taqizadeh','male','Tabriz','Tehran','حسن تقی‌زاده');
INSERT INTO `Politicians` VALUES (376,'Rostam Ghasemi','male',NULL,NULL,'رستم قاسمی');
INSERT INTO `Politicians` VALUES (377,'Abbas Araghchi','male',NULL,NULL,'سید عباس عراقچی');
INSERT INTO `Politicians` VALUES (378,'Mostafa Chamran','male','Tehran',NULL,'مصطفی چمران');
INSERT INTO `Politicians` VALUES (379,'Hajj Mirza Aghasi','male','Maku, Iran',NULL,'حاجی میرزا آقاسی');
INSERT INTO `Politicians` VALUES (380,'Bahaedin Adab','male',NULL,NULL,'بهاءالدین ادب');
INSERT INTO `Politicians` VALUES (381,'Saad ad Daula','male',NULL,'Isfahan','نجفقلی صمصام‌السلطنه');
INSERT INTO `Politicians` VALUES (382,'Bāqer Khān','male','Tabriz','Qasr e Shirin','باقرخان');
INSERT INTO `Politicians` VALUES (383,'Patrick Ali Pahlavi','male',NULL,NULL,'علی پاتر̩ پهلوی');
INSERT INTO `Politicians` VALUES (384,'حسن ‌أمیني',NULL,NULL,NULL,'حسن امینی');
INSERT INTO `Politicians` VALUES (385,'عباس امیری‌فر',NULL,NULL,NULL,'عباس امیری‌فر');
INSERT INTO `Politicians` VALUES (386,'محمد سریر',NULL,NULL,NULL,'محمد سریر');
INSERT INTO `Politicians` VALUES (387,'Fereydoon Hoveyda','male','Damascus','Clifton, Virginia','فریدون هویدا');
INSERT INTO `Politicians` VALUES (388,'Mohammad Reza Khatami','male','Ardakan',NULL,'سید محمدرضا خاتمی');
INSERT INTO `Politicians` VALUES (389,'Hamid Reza Haji Babaee','male','Hamedan',NULL,'حمیدرضا حاجی‌بابایی');
INSERT INTO `Politicians` VALUES (390,'Azam Taleghani','female',NULL,NULL,'اعظم طالقانی');
INSERT INTO `Politicians` VALUES (391,'Behzad Nabavi','male','Tehran',NULL,'بهزاد نبوی');
INSERT INTO `Politicians` VALUES (392,'امیرقلی امینی',NULL,NULL,NULL,'امیرقلی امینی');
INSERT INTO `Politicians` VALUES (393,'Hamid Mowlana','male',NULL,NULL,'حمید مولانا');
INSERT INTO `Politicians` VALUES (394,'Sattar Khan','male',NULL,'Tehran','ستارخان');
INSERT INTO `Politicians` VALUES (395,'Mohammad Ali Jafari','male','Yazd',NULL,'محمدعلی جعفری');
INSERT INTO `Politicians` VALUES (396,'محمد میرزا کاشف‌السلطنه',NULL,NULL,NULL,'محمد میرزا کاشف‌السلطنه');
INSERT INTO `Politicians` VALUES (397,'Gholam Hossein Nozari','male','Kazerun',NULL,'غلامحسین نوذری');
INSERT INTO `Politicians` VALUES (398,'Mohammad Reyshahri','male','Rey, Iran',NULL,'محمد ری‌شهری');
INSERT INTO `Politicians` VALUES (399,'Parviz Kazemi','male','Tehran',NULL,'پرویز کاظمی');
INSERT INTO `Politicians` VALUES (400,'Abbas Maleki','male',NULL,NULL,'عباس ملکی');
INSERT INTO `Politicians` VALUES (401,'Alireza Noori','male',NULL,NULL,'علیرضا نوری');
INSERT INTO `Politicians` VALUES (402,'Mohammad Gharazi','male','Isfahan',NULL,'سید محمد غرضی');
INSERT INTO `Politicians` VALUES (403,'Jafar Sharif Emami','male','Tehran','New York City','جعفر شریف‌امامی');
INSERT INTO `Politicians` VALUES (404,'Sadegh Ghotbzadeh','male','Isfahan','Tehran','صادق قطب‌زاده');
INSERT INTO `Politicians` VALUES (405,'Hassan Rouhani','male','Sorkheh',NULL,'حسن روحانی');
INSERT INTO `Politicians` VALUES (406,'Mohammad Bagher Kharazi','male',NULL,NULL,'سید محمدباقر خرازی');
INSERT INTO `Politicians` VALUES (407,'Hossein Dehghan','male','Dehaqan',NULL,'حسین دهقان');
INSERT INTO `Politicians` VALUES (408,'محمدکاظم سجادپور',NULL,NULL,NULL,'محمدکاظم سجادپور');
INSERT INTO `Politicians` VALUES (409,'Kamal Habibollahi','male',NULL,NULL,'کمال‌الدین میرحبیب‌اللهی');
INSERT INTO `Politicians` VALUES (410,'Mohammad Mosaddegh','male','Tehran','Ahmadabad e Mosaddeq','محمد مصدق');
INSERT INTO `Politicians` VALUES (411,'Sadegh Sharafkandi','male',NULL,NULL,'صادق شرفکندی');
INSERT INTO `Politicians` VALUES (412,'Mohammad Reza Bahonar','male','Kerman',NULL,'محمدرضا باهنر');
INSERT INTO `Politicians` VALUES (413,'Gholam Reza Azhari','male','Shiraz',NULL,'غلامرضا ازهاری');
INSERT INTO `Politicians` VALUES (414,'Akbar Torkan','male','Tehran',NULL,'اکبر ترکان');
INSERT INTO `Politicians` VALUES (415,'Reza Pahlavi','male','Tehran',NULL,'رضا پهلوی (دوم)');
INSERT INTO `Politicians` VALUES (416,'Esfandiar Rahim Mashaei','male',NULL,NULL,'اسفندیار رحیم‌مشایی');
INSERT INTO `Politicians` VALUES (417,'زکریا انصاری',NULL,NULL,NULL,'زکریا انصاری');
INSERT INTO `Politicians` VALUES (418,'Mirza Riza Khan',NULL,NULL,NULL,'پرنس ارفع');
INSERT INTO `Politicians` VALUES (419,'Mohammad Reza Aref','male','Yazd',NULL,'محمدرضا عارف');
INSERT INTO `Politicians` VALUES (420,'Ali Reza Khan Azod al Molk','male',NULL,NULL,'عضدالملک');
INSERT INTO `Politicians` VALUES (421,'Hassan Sobhani','male','Damghan',NULL,'حسن سبحانی');
INSERT INTO `Politicians` VALUES (422,'Ahmad Jannati','male','Isfahan',NULL,'احمد جنتی');
INSERT INTO `Politicians` VALUES (423,'Amirreza Amirbakhtiar','male','Ahvaz',NULL,'امیررضا امیربختیار');
INSERT INTO `Politicians` VALUES (424,'Nasrollah Entezam','male','Tehran','Tehran','نصرالله انتظام');
INSERT INTO `Politicians` VALUES (425,'Mohammad Reza Eskandari',NULL,'Ahvaz',NULL,'محمدرضا اسکندری');
INSERT INTO `Politicians` VALUES (426,'علی مصطفوی',NULL,NULL,NULL,'علی مصطفوی');
INSERT INTO `Politicians` VALUES (427,'Ali Kordan','male',NULL,'Tehran','علی کردان');
INSERT INTO `Politicians` VALUES (428,'Esmail Shooshtari','male','Nishapur',NULL,'اسماعیل شوشتری');
INSERT INTO `Politicians` VALUES (429,'Ali Motahari','male',NULL,NULL,'علی مطهری');
INSERT INTO `Politicians` VALUES (430,'Mehdi Karroubi','male','Aligudarz',NULL,'مهدی کروبی');
INSERT INTO `Politicians` VALUES (431,'Ali Mansur','male','Tehran','Tehran','علی منصور');
INSERT INTO `Politicians` VALUES (432,'Hassan Pirnia','male','Tabriz','Tehran','حسن پیرنیا');
INSERT INTO `Politicians` VALUES (433,'محمد فرهادی',NULL,'Shahrud, Iran',NULL,'محمد فرهادی');
INSERT INTO `Politicians` VALUES (434,'Sadegh Khalkhali','male','Khalkhal, Ardabil','Tehran','صادق خلخالی');
INSERT INTO `Politicians` VALUES (435,'Ali Nikzad','male','Ardabil',NULL,'علی ن̩زاد');
INSERT INTO `Politicians` VALUES (436,'Shivan Qaderi','male',NULL,NULL,'کمال اسفرم');
INSERT INTO `Politicians` VALUES (437,'Yousef Saanei','male',NULL,NULL,'یوسف صانعی');
INSERT INTO `Politicians` VALUES (438,'Sheikh Ali khan Zangeneh','male',NULL,NULL,'شیخعلی‌خان زنگنه');
INSERT INTO `Politicians` VALUES (439,'علی‌محمد بشارتی جهرمی',NULL,'Jahrom',NULL,'علی‌محمد بشارتی جهرمی');
INSERT INTO `Politicians` VALUES (440,'Abolqasem Najm','male','Tehran','Tehran','ابوالقاسم نجم');
INSERT INTO `Politicians` VALUES (441,'Ali Larijani','male','Najaf',NULL,'علی لاریجانی');
INSERT INTO `Politicians` VALUES (442,'حسین رسام',NULL,NULL,NULL,'حسین رسام');
INSERT INTO `Politicians` VALUES (443,'Samad Khan Momtaz os Saltaneh','male','Tehran','Paris','ممتاز السلطنه');
INSERT INTO `Politicians` VALUES (444,'Abdol Majid Mirza',NULL,NULL,NULL,'عین‌الدوله');
INSERT INTO `Politicians` VALUES (445,'کاظم حسیبی',NULL,NULL,NULL,'کاظم حسیبی');
INSERT INTO `Politicians` VALUES (446,'Amir Abbas Hoveyda','male','Tehran','Tehran','امیرعباس هویدا');
INSERT INTO `Politicians` VALUES (447,'حمیدرضا کاتوزیان',NULL,NULL,NULL,'حمیدرضا کاتوزیان');
INSERT INTO `Politicians` VALUES (448,'Ahmad Kashani','male',NULL,NULL,'سید احمد کاشانی');
INSERT INTO `Politicians` VALUES (449,'Farrokhroo Parsa','female','Qom','Tehran','فرخ‌رو پارسا');
INSERT INTO `Politicians` VALUES (450,'سید ابراهیم رئیسی',NULL,NULL,NULL,'سید ابراهیم رئیسی');
INSERT INTO `Politicians` VALUES (451,'محمد تقی خان بختیاری',NULL,NULL,NULL,'محمد تقی خان بختیاری');
INSERT INTO `Politicians` VALUES (452,'Mohammad Javad Larijani','male','Najaf',NULL,'محمدجواد لاریجانی');
INSERT INTO `Politicians` VALUES (453,'Mahmudali Chehregani','male',NULL,NULL,'محمودعلی چهرگانی');
INSERT INTO `Politicians` VALUES (454,'Abdol Hossein Mirza Farmanfarma',NULL,'Tabriz','Tehran','عبدالحسین میرزا فرمانفرما');
INSERT INTO `Politicians` VALUES (455,'Abbas Ali Khalatbari','male','Tehran','Tehran','عباسعلی خلعتبری');
INSERT INTO `Politicians` VALUES (456,'Mohammad Ali Ramin','male',NULL,NULL,'محمدعلی رامین');
INSERT INTO `Politicians` VALUES (457,'احمدرضوی',NULL,NULL,NULL,'احمدرضوی');
INSERT INTO `Politicians` VALUES (458,'Iraj Eskandari','male','Tehran','East Berlin','ایرج اسکندری');
INSERT INTO `Politicians` VALUES (459,'لیلی امیرارجمند',NULL,NULL,NULL,'لیلی امیرارجمند');
INSERT INTO `Politicians` VALUES (460,'Mohsen Nourbakhsh','male','Isfahan','Tehran','محسن نوربخش');
INSERT INTO `Politicians` VALUES (461,'Khazal al Kabi','male','Ahvaz','Tehran','شیخ خزعل');
INSERT INTO `Politicians` VALUES (462,'Reza Qoli Khan Hedayat','male',NULL,NULL,'رضاقلی‌خان هدایت');
INSERT INTO `Politicians` VALUES (463,'Rafat Bayat','female','Zanjan, Iran',NULL,'رفعت بیات');
INSERT INTO `Politicians` VALUES (464,'Abdolvahed Mousavi Lari','male','Tehran',NULL,'عبدالواحد موسوی لاری');
INSERT INTO `Politicians` VALUES (465,'حسن قشقاوی',NULL,NULL,NULL,'حسن قشقاوی');
INSERT INTO `Politicians` VALUES (466,'Gholam Hossein Sadighi','male','Tehran','Tehran','غلامحسین صدیقی');
INSERT INTO `Politicians` VALUES (467,'Mohammad Bagher Ghalibaf','male','Torqabeh',NULL,'محمدباقر قالیباف');
INSERT INTO `Politicians` VALUES (468,'Mohammed Sharif Malekzadeh','male',NULL,NULL,'محمدشریف ملک‌زاده');
INSERT INTO `Politicians` VALUES (469,'Abu Muslim Khorasani','male','Merv',NULL,'ابومسلم خراسانی');
INSERT INTO `Politicians` VALUES (470,'Simko Shikak','male',NULL,NULL,'اسماعیل آقا سیمیتقو');
INSERT INTO `Politicians` VALUES (471,'Abdollah Nouri','male','Isfahan',NULL,'عبدالله نوری');
INSERT INTO `Politicians` VALUES (472,'Abolfazl Fateh','male',NULL,NULL,'ابوالفضل فاتح');
INSERT INTO `Politicians` VALUES (473,'Mohammad Mousavi Khoeiniha','male','Qazvin',NULL,'سید محمد موسوی خوئینی‌ها');
INSERT INTO `Politicians` VALUES (474,'Mozzafar Baghai','male','Kerman','Tehran','مظفر بقائی');
INSERT INTO `Politicians` VALUES (475,'Mohammad Javad Zarif','male','Tehran',NULL,'محمدجواد ظریف');
INSERT INTO `Politicians` VALUES (476,'حاج باباخان اردبیلی',NULL,NULL,NULL,'حاج باباخان اردبیلی');
INSERT INTO `Politicians` VALUES (477,'Hassan Shah Safi','male',NULL,NULL,'حسن شاه‌صفی');
INSERT INTO `Politicians` VALUES (478,'Sadegh Tabatabai','male','Qom',NULL,'صادق طباطبایی');
INSERT INTO `Politicians` VALUES (479,'Ebrahim Hakimi','male','Tabriz','Tehran','ابراهیم حکیمی');
INSERT INTO `Politicians` VALUES (480,'Mohammad Beheshti','male','Isfahan','Tehran','سید محمد بهشتی');
INSERT INTO `Politicians` VALUES (481,'Jamshid Amouzegar','male','Tehran',NULL,'جمشید آموزگار');
INSERT INTO `Politicians` VALUES (482,'Mir Hossein Mousavi','male','Khamaneh',NULL,'میرحسین موسوی');
INSERT INTO `Politicians` VALUES (483,'Kamran Daneshjoo','male','Damghan',NULL,'کامران دانشجو');
INSERT INTO `Politicians` VALUES (484,'جعفر مشیرالدوله',NULL,NULL,NULL,'جعفر مشیرالدوله');
INSERT INTO `Politicians` VALUES (485,'Mohammad Javad Bahonar','male','Kerman','Tehran','محمدجواد باهنر');
INSERT INTO `Politicians` VALUES (486,'Kazem Rajavi','male','Tabas','Coppet','کاظم رجوی');
INSERT INTO `Politicians` VALUES (487,'Davoud Ahmadinejad','male',NULL,NULL,'داوود احمدی‌نژاد');
INSERT INTO `Politicians` VALUES (488,'Hossein Fatemi','male','Nain, Iran','Tehran','حسین فاطمی');
INSERT INTO `Politicians` VALUES (489,'علی اکبر فرازی',NULL,NULL,NULL,'علی اکبر فرازی');
INSERT INTO `Politicians` VALUES (490,'Abdolreza Mesri','male','Kermanshah',NULL,'عبدالرضا مصری');
INSERT INTO `Politicians` VALUES (491,'Jahangir Amuzegar','male',NULL,NULL,'جهانگیر آموزگار');
INSERT INTO `Politicians` VALUES (492,'Jamal Karimi Rad','male','Qazvin','Salafchegan','جمال کریمی‌راد');
INSERT INTO `Politicians` VALUES (493,'Nasrin Soltankhah','female','Tehran',NULL,'نسرین سلطان‌خواه');
INSERT INTO `Politicians` VALUES (494,'محمد خزاعی',NULL,'Kashmar',NULL,'محمد خزاعی');
INSERT INTO `Politicians` VALUES (495,'Hassan Nayebagha','male','Tehran',NULL,'حسن نایب‌آقا');
INSERT INTO `Politicians` VALUES (496,'احمد اقبال',NULL,NULL,NULL,'احمد اقبال');
INSERT INTO `Politicians` VALUES (497,'Ali Murad Davudi','male',NULL,NULL,'علی‌مراد داودی');
CREATE TABLE IF NOT EXISTS `Parties` (
	`id`	INTEGER PRIMARY KEY AUTOINCREMENT,
	`name`	VARCHAR ( 250 ),
	`fa_label`	VARCHAR ( 200 )
);
INSERT INTO `Parties` VALUES (1,'National Trust Party (Iran)','حزب اعتماد ملی');
INSERT INTO `Parties` VALUES (2,'Islamic Republican Party','حزب جمهوری اسلامی');
INSERT INTO `Parties` VALUES (3,'Peykar','سازمان پ̩ار در راه آزادی طبقه کارگر');
INSERT INTO `Parties` VALUES (4,'Organization of Communist Revolutionaries (Marxist–Leninist)','سازمان انقلابیون کمونیست (م ل)');
INSERT INTO `Parties` VALUES (5,'Society of Devotees of the Islamic Revolution','جمعیت ایثارگران انقلاب اسلامی');
INSERT INTO `Parties` VALUES (6,'Communist Party of Iran (Marxist–Leninist–Maoist)','حزب کمونیست ایران');
INSERT INTO `Parties` VALUES (7,'Front of Islamic Revolution Stability','جبهه پایداری انقلاب اسلامی');
INSERT INTO `Parties` VALUES (8,'Rastakhiz Party','حزب رستاخیز');
INSERT INTO `Parties` VALUES (9,'Communist Party of Iran','حزب کمونیست ایران');
INSERT INTO `Parties` VALUES (10,'Etedalion Party','اعتدالیون');
INSERT INTO `Parties` VALUES (11,'Modern Thinkers Party of Islamic Iran','حزب نواندیشان ایران اسلامی');
INSERT INTO `Parties` VALUES (12,'Islamic Iran Participation Front','جبهه مشارکت ایران اسلامی');
INSERT INTO `Parties` VALUES (13,'Fedaian Organisation (Minority)','سازمان فدائیان خلق');
INSERT INTO `Parties` VALUES (14,'Political parties in Iran','فهرست احزاب سیاسی در ایران');
INSERT INTO `Parties` VALUES (15,'Iranian Peoples Fedai Guerrillas','چر̩‌های فدایی خلق ایران');
INSERT INTO `Parties` VALUES (16,'Association of Combatant Clerics','مجمع روحانیون مبارز');
INSERT INTO `Parties` VALUES (17,'Pan Iranist Party','حزب پان ایرانیست');
INSERT INTO `Parties` VALUES (18,'Alliance of Builders of Islamic Iran','ائتلاف آبادگران ایران اسلامی');
INSERT INTO `Parties` VALUES (19,'Union of Communist Militants','اتحاد مبارزان کمونیست');
INSERT INTO `Parties` VALUES (20,'Organization of Iranian Peoples Fedai Guerrillas','سازمان چر̩‌های فدایی خلق ایران');
INSERT INTO `Parties` VALUES (21,'Nationalist Religious movement','شورای فعالان ملی مذهبی ایران');
INSERT INTO `Parties` VALUES (22,'United Front of Conservatives','جبهه متحد اصولگرایان');
INSERT INTO `Parties` VALUES (23,'Organization of Iranian Peoples Fedaian (Majority)','سازمان فداییان خلق ایران (اکثریت)');
INSERT INTO `Parties` VALUES (24,'Revival Party','حزب تجدد');
INSERT INTO `Parties` VALUES (25,'SUMKA','حزب سومکا');
INSERT INTO `Parties` VALUES (26,'Fedaian Organisation (Minority)','سازمان فدائیان خلق (اقلیت)');
INSERT INTO `Parties` VALUES (27,'Worker communist Party of Iran','حزب کمونیست کارگری ایران');
INSERT INTO `Parties` VALUES (28,'Nation Party of Iran','حزب ملت ایران');
INSERT INTO `Parties` VALUES (29,'Islamic Labour Party','حزب اسلامی کار');
INSERT INTO `Parties` VALUES (30,'Constitutionalist Party of Iran','حزب مشروطه ایران');
INSERT INTO `Parties` VALUES (31,'Kurdish United Front','جبهه متحد کرد');
INSERT INTO `Parties` VALUES (32,'Peoples Mujahedin of Iran','سازمان مجاهدین خلق ایران');
INSERT INTO `Parties` VALUES (33,'Peoples Voice (Iran)','جبهه صدای ملت');
INSERT INTO `Parties` VALUES (34,'Islamic Coalition Party','حزب مؤتلفه اسلامی');
INSERT INTO `Parties` VALUES (35,'Labour Party of Iran','حزب کار ایران (طوفان)');
INSERT INTO `Parties` VALUES (36,'Democratic Party of Iranian Kurdistan','حزب دموکرات کردستان ایران');
INSERT INTO `Parties` VALUES (37,'Communist Party of Persia','حزب کمونیست ایران');
INSERT INTO `Parties` VALUES (38,'Leftist guerrilla groups of Iran','گروه‌های چر̩ی چپ‌گرا در ایران');
INSERT INTO `Parties` VALUES (39,'Mojahedin of the Islamic Revolution Organization','سازمان مجاهدین انقلاب اسلامی ایران');
INSERT INTO `Parties` VALUES (40,'National Democratic Front (Iran)','جبهه دموکرات̩ ملی ایران');
INSERT INTO `Parties` VALUES (41,'Muslim Peoples Republic Party','حزب جمهوری خلق مسلمان ایران');
INSERT INTO `Parties` VALUES (42,'Labour Party of Iran','حزب کار ایران');
INSERT INTO `Parties` VALUES (43,'Communist Party of Iran (Marxist–Leninist–Maoist)','حزب کمونیست ایران (مارکسیست لنینیست مائوئیست)');
INSERT INTO `Parties` VALUES (44,'Socialist Party (Iran)','حزب سوسیالیست');
INSERT INTO `Parties` VALUES (45,'Communist Party of Persia','حزب کمونیست ایران (دهه ۱۹۲۰)');
INSERT INTO `Parties` VALUES (46,'Union of Iranian Communists (Sarbedaran)','اتحادیه کمونیست‌های ایران');
INSERT INTO `Parties` VALUES (47,'Komalah','کومله');
INSERT INTO `Parties` VALUES (48,'Organization of Iranian Peoples Fedaian (Majority)','سازمان فداییان خلق ایران');
INSERT INTO `Parties` VALUES (49,'Worker communist Party of Iran – Hekmatist','حزب کمونیست کارگری ایران حکمتیست');
INSERT INTO `Parties` VALUES (50,'Freedom Movement of Iran','نهضت آزادی ایران');
INSERT INTO `Parties` VALUES (51,'Green Party of Iran','حزب سبزهای ایران');
INSERT INTO `Parties` VALUES (52,'Iranian Peoples Fedai Guerrillas','چر̩‌های فدایی خلق ایران (جریان اشرف دهقانی)');
INSERT INTO `Parties` VALUES (53,'Tudeh Party of Iran','حزب توده ایران');
INSERT INTO `Parties` VALUES (54,'Union of Peoples Fedaian of Iran','سازمان اتحاد فداییان خلق ایران');
INSERT INTO `Parties` VALUES (55,'National Front (Iran)','جبهه ملی ایران');
INSERT INTO `Parties` VALUES (56,'Islamic Society of Engineers','جامعه اسلامی مهندسین');
INSERT INTO `Parties` VALUES (57,'Socialist Party (Iran)','حزب سوسیالیست (ایران)');
INSERT INTO `Parties` VALUES (58,'Labour Coalition (Iran)','خانه کارگر');
INSERT INTO `Parties` VALUES (59,'Islamic Association of Women','مجمع اسلامی بانوان');
INSERT INTO `Parties` VALUES (60,'Executives of Construction Party','حزب کارگزاران سازندگی');
INSERT INTO `Parties` VALUES (61,'Organization of Communist Revolutionaries (Marxist–Leninist)','سازمان انقلابیون کمونیست');
INSERT INTO `Parties` VALUES (62,'New Iran Party','حزب ایران نوین');
INSERT INTO `Parties` VALUES (63,'Democracy Party (Iran)','حزب مردم‌سالاری');
INSERT INTO `Parties` VALUES (64,'Combatant Clergy Association','جامعه روحانیت مبارز');
INSERT INTO `Parties` VALUES (65,'PJAK','پژاک');
CREATE TABLE IF NOT EXISTS `Participation` (
	`id`	INTEGER PRIMARY KEY AUTOINCREMENT,
	`name`	VARCHAR ( 250 ),
	`fa_label`	VARCHAR ( 200 )
);
INSERT INTO `Participation` VALUES (1,'Operation Dawn 2','عملیات والفجر ۲');
INSERT INTO `Participation` VALUES (2,'Operation Earnest Will','عملیات اراده جدی');
INSERT INTO `Participation` VALUES (3,'Soviet war in Afghanistan','جنگ شوروی در افغانستان');
INSERT INTO `Participation` VALUES (4,'Siege of Abadan','حصر آبادان');
INSERT INTO `Participation` VALUES (5,'Operation Nimble Archer','عملیات کمانگیر چابک');
INSERT INTO `Participation` VALUES (6,'Civil war in Afghanistan (1992–96)','جنگ‌های کابل');
INSERT INTO `Participation` VALUES (7,'2006 Lebanon War','جنگ اسرائیل و لبنان ۲۰۰۶');
INSERT INTO `Participation` VALUES (8,'Operation Prime Chance','عملیات فرصت برجسته');
INSERT INTO `Participation` VALUES (9,'1991 uprisings in Iraq','خیزش شعبانیه');
INSERT INTO `Participation` VALUES (10,'Operation Kheibar','عملیات خیبر');
INSERT INTO `Participation` VALUES (11,'Operation Mersad','عملیات مرصاد');
INSERT INTO `Participation` VALUES (12,'Operation Samen ol Aemeh','عملیات ثامن‌الائمه');
INSERT INTO `Participation` VALUES (13,'Operation Badr (1985)','عملیات بدر');
INSERT INTO `Participation` VALUES (14,'Operation Karbala 6','عملیات کربلای ۶');
INSERT INTO `Participation` VALUES (15,'Operation Morvarid','عملیات مروارید');
INSERT INTO `Participation` VALUES (16,'Operation Undeniable Victory','عملیات فتح‌المبین');
INSERT INTO `Participation` VALUES (17,'Iran hostage crisis','بحران گروگان‌گیری در سفارت ایالات متحده آمر̩ا');
INSERT INTO `Participation` VALUES (18,'Operation Praying Mantis','عملیات آخوندک');
INSERT INTO `Participation` VALUES (19,'Liberation of Khorramshahr','آزادسازی خرمشهر');
INSERT INTO `Participation` VALUES (20,'Operation Karbala 4','عملیات کربلای ۴');
INSERT INTO `Participation` VALUES (21,'Operation Ramadan','عملیات رمضان');
INSERT INTO `Participation` VALUES (22,'Operation Dawn 3','عملیات والفجر ۳');
INSERT INTO `Participation` VALUES (23,'Shia insurgency in Yemen','شورش صعده');
INSERT INTO `Participation` VALUES (24,'Battle of Khushab','جنگ خوشاب');
INSERT INTO `Participation` VALUES (25,'Battle of Dezful','عملیات دزفول');
INSERT INTO `Participation` VALUES (26,'Operation Kaman 99','عملیات کمان ۹۹');
INSERT INTO `Participation` VALUES (27,'Lebanese Civil War','جنگ داخلی لبنان');
INSERT INTO `Participation` VALUES (28,'2006 Lebanon War','جنگ اسرائیل و لبنان ۲۰۰۶ (میلادی)');
INSERT INTO `Participation` VALUES (29,'Operation Dawn (1983)','عملیات والفجر ۱');
INSERT INTO `Participation` VALUES (30,'First Battle of al Faw','عملیات والفجر ۸');
INSERT INTO `Participation` VALUES (31,'Operation Dawn 4','عملیات والفجر ۴');
INSERT INTO `Participation` VALUES (32,'Operation Karbala 5','عملیات کربلای ۵');
CREATE TABLE IF NOT EXISTS `Neighbors` (
	`id`	INTEGER,
	FOREIGN KEY(`id`) REFERENCES `Politicians`(`id`)
);
INSERT INTO `Neighbors` VALUES (7);
INSERT INTO `Neighbors` VALUES (3);
INSERT INTO `Neighbors` VALUES (4);
INSERT INTO `Neighbors` VALUES (13);
INSERT INTO `Neighbors` VALUES (12);
INSERT INTO `Neighbors` VALUES (5);
INSERT INTO `Neighbors` VALUES (2);
CREATE TABLE IF NOT EXISTS `MajlisGuys` (
	`id`	INTEGER,
	FOREIGN KEY(`id`) REFERENCES `Politicians`(`id`)
);
INSERT INTO `MajlisGuys` VALUES (102);
INSERT INTO `MajlisGuys` VALUES (440);
INSERT INTO `MajlisGuys` VALUES (288);
INSERT INTO `MajlisGuys` VALUES (36);
INSERT INTO `MajlisGuys` VALUES (314);
INSERT INTO `MajlisGuys` VALUES (15);
INSERT INTO `MajlisGuys` VALUES (128);
INSERT INTO `MajlisGuys` VALUES (319);
INSERT INTO `MajlisGuys` VALUES (244);
INSERT INTO `MajlisGuys` VALUES (248);
INSERT INTO `MajlisGuys` VALUES (226);
INSERT INTO `MajlisGuys` VALUES (24);
INSERT INTO `MajlisGuys` VALUES (315);
INSERT INTO `MajlisGuys` VALUES (29);
INSERT INTO `MajlisGuys` VALUES (359);
INSERT INTO `MajlisGuys` VALUES (131);
INSERT INTO `MajlisGuys` VALUES (158);
INSERT INTO `MajlisGuys` VALUES (253);
INSERT INTO `MajlisGuys` VALUES (285);
INSERT INTO `MajlisGuys` VALUES (53);
INSERT INTO `MajlisGuys` VALUES (258);
INSERT INTO `MajlisGuys` VALUES (175);
INSERT INTO `MajlisGuys` VALUES (133);
INSERT INTO `MajlisGuys` VALUES (463);
INSERT INTO `MajlisGuys` VALUES (430);
INSERT INTO `MajlisGuys` VALUES (169);
INSERT INTO `MajlisGuys` VALUES (195);
INSERT INTO `MajlisGuys` VALUES (252);
INSERT INTO `MajlisGuys` VALUES (31);
INSERT INTO `MajlisGuys` VALUES (239);
INSERT INTO `MajlisGuys` VALUES (227);
INSERT INTO `MajlisGuys` VALUES (111);
INSERT INTO `MajlisGuys` VALUES (309);
INSERT INTO `MajlisGuys` VALUES (362);
INSERT INTO `MajlisGuys` VALUES (263);
INSERT INTO `MajlisGuys` VALUES (421);
INSERT INTO `MajlisGuys` VALUES (127);
INSERT INTO `MajlisGuys` VALUES (378);
INSERT INTO `MajlisGuys` VALUES (457);
INSERT INTO `MajlisGuys` VALUES (304);
INSERT INTO `MajlisGuys` VALUES (325);
INSERT INTO `MajlisGuys` VALUES (255);
INSERT INTO `MajlisGuys` VALUES (448);
INSERT INTO `MajlisGuys` VALUES (78);
INSERT INTO `MajlisGuys` VALUES (38);
INSERT INTO `MajlisGuys` VALUES (203);
INSERT INTO `MajlisGuys` VALUES (201);
INSERT INTO `MajlisGuys` VALUES (405);
INSERT INTO `MajlisGuys` VALUES (256);
INSERT INTO `MajlisGuys` VALUES (428);
INSERT INTO `MajlisGuys` VALUES (429);
INSERT INTO `MajlisGuys` VALUES (445);
INSERT INTO `MajlisGuys` VALUES (388);
INSERT INTO `MajlisGuys` VALUES (150);
INSERT INTO `MajlisGuys` VALUES (491);
INSERT INTO `MajlisGuys` VALUES (471);
INSERT INTO `MajlisGuys` VALUES (83);
INSERT INTO `MajlisGuys` VALUES (181);
INSERT INTO `MajlisGuys` VALUES (434);
INSERT INTO `MajlisGuys` VALUES (99);
INSERT INTO `MajlisGuys` VALUES (174);
INSERT INTO `MajlisGuys` VALUES (302);
INSERT INTO `MajlisGuys` VALUES (390);
INSERT INTO `MajlisGuys` VALUES (236);
INSERT INTO `MajlisGuys` VALUES (374);
INSERT INTO `MajlisGuys` VALUES (9);
INSERT INTO `MajlisGuys` VALUES (277);
INSERT INTO `MajlisGuys` VALUES (246);
INSERT INTO `MajlisGuys` VALUES (324);
INSERT INTO `MajlisGuys` VALUES (321);
INSERT INTO `MajlisGuys` VALUES (312);
INSERT INTO `MajlisGuys` VALUES (297);
INSERT INTO `MajlisGuys` VALUES (289);
INSERT INTO `MajlisGuys` VALUES (220);
INSERT INTO `MajlisGuys` VALUES (381);
INSERT INTO `MajlisGuys` VALUES (376);
INSERT INTO `MajlisGuys` VALUES (105);
INSERT INTO `MajlisGuys` VALUES (71);
INSERT INTO `MajlisGuys` VALUES (27);
INSERT INTO `MajlisGuys` VALUES (298);
INSERT INTO `MajlisGuys` VALUES (287);
INSERT INTO `MajlisGuys` VALUES (449);
INSERT INTO `MajlisGuys` VALUES (176);
INSERT INTO `MajlisGuys` VALUES (164);
INSERT INTO `MajlisGuys` VALUES (347);
INSERT INTO `MajlisGuys` VALUES (1);
INSERT INTO `MajlisGuys` VALUES (76);
INSERT INTO `MajlisGuys` VALUES (209);
INSERT INTO `MajlisGuys` VALUES (340);
INSERT INTO `MajlisGuys` VALUES (299);
INSERT INTO `MajlisGuys` VALUES (452);
INSERT INTO `MajlisGuys` VALUES (473);
INSERT INTO `MajlisGuys` VALUES (212);
INSERT INTO `MajlisGuys` VALUES (165);
INSERT INTO `MajlisGuys` VALUES (172);
INSERT INTO `MajlisGuys` VALUES (274);
INSERT INTO `MajlisGuys` VALUES (211);
INSERT INTO `MajlisGuys` VALUES (380);
INSERT INTO `MajlisGuys` VALUES (333);
INSERT INTO `MajlisGuys` VALUES (188);
INSERT INTO `MajlisGuys` VALUES (355);
INSERT INTO `MajlisGuys` VALUES (42);
INSERT INTO `MajlisGuys` VALUES (180);
INSERT INTO `MajlisGuys` VALUES (410);
INSERT INTO `MajlisGuys` VALUES (84);
INSERT INTO `MajlisGuys` VALUES (25);
INSERT INTO `MajlisGuys` VALUES (401);
INSERT INTO `MajlisGuys` VALUES (291);
INSERT INTO `MajlisGuys` VALUES (439);
INSERT INTO `MajlisGuys` VALUES (339);
INSERT INTO `MajlisGuys` VALUES (353);
INSERT INTO `MajlisGuys` VALUES (8);
INSERT INTO `MajlisGuys` VALUES (474);
CREATE TABLE IF NOT EXISTS `LeaderGuys` (
	`id`	INTEGER,
	`leader_of`	VARCHAR ( 256 ),
	FOREIGN KEY(`id`) REFERENCES `Politicians`(`id`)
);
INSERT INTO `LeaderGuys` VALUES (237,'Islamic Iran Participation Front');
INSERT INTO `LeaderGuys` VALUES (362,'Iran');
INSERT INTO `LeaderGuys` VALUES (405,'Iran');
INSERT INTO `LeaderGuys` VALUES (493,'Alliance of Builders of Islamic Iran');
INSERT INTO `LeaderGuys` VALUES (122,'Armed Forces of the Islamic Republic of Iran');
INSERT INTO `LeaderGuys` VALUES (13,'Atomic Energy Organization of Iran');
INSERT INTO `LeaderGuys` VALUES (9,'Iran');
INSERT INTO `LeaderGuys` VALUES (477,'Islamic Republic of Iran Air Force');
INSERT INTO `LeaderGuys` VALUES (395,'Armed Forces of the Islamic Republic of Iran');
INSERT INTO `LeaderGuys` VALUES (122,'Islamic Republic of Iran Army');
INSERT INTO `LeaderGuys` VALUES (9,'Armed Forces of the Islamic Republic of Iran');
INSERT INTO `LeaderGuys` VALUES (477,'Armed Forces of the Islamic Republic of Iran');
CREATE TABLE IF NOT EXISTS `Events` (
	`id`	INTEGER PRIMARY KEY AUTOINCREMENT,
	`name`	VARCHAR ( 250 ),
	`fa_label`	VARCHAR ( 200 )
);
INSERT INTO `Events` VALUES (1,'Siege of Abadan','حصر آبادان');
INSERT INTO `Events` VALUES (2,'2011 attack on the British Embassy in Iran','حمله به سفارت بریتانیا در تهران');
INSERT INTO `Events` VALUES (3,'Iranian coup detat (1953)','کودتای ۲۸ مرداد');
INSERT INTO `Events` VALUES (4,'Abadan Crisis','بحران آبادان');
INSERT INTO `Events` VALUES (5,'Battle of Dilman','نبرد دیلمقان');
INSERT INTO `Events` VALUES (6,'Battle of Damghan','نبرد دامغان');
INSERT INTO `Events` VALUES (7,'Battle of the Persian Border','نبرد مرز پارس');
INSERT INTO `Events` VALUES (8,'Iran student protests, July 1999','حمله به کوی دانشگاه تهران');
INSERT INTO `Events` VALUES (9,'Iran student protests, July 1999','حمله به کوی دانشگاه تهران (۱۸ تیر ۱۳۷۸)');
INSERT INTO `Events` VALUES (10,'Operation Tariq al Qods','عملیات طریق‌القدس');
INSERT INTO `Events` VALUES (11,'Operation Mersad','عملیات مرصاد');
INSERT INTO `Events` VALUES (12,'Operation Beit ol Moqaddas','عملیات بیت‌المقدس');
INSERT INTO `Events` VALUES (13,'Operation Samen ol Aemeh','عملیات ثامن‌الائمه');
INSERT INTO `Events` VALUES (14,'Attack on H3','عملیات اچ ۳');
INSERT INTO `Events` VALUES (15,'Russian Civil War','جنگ داخلی روسیه');
INSERT INTO `Events` VALUES (16,'June 5, 1963 demonstrations in Iran','قیام ۱۵ خرداد');
INSERT INTO `Events` VALUES (17,'Operation Morvarid','عملیات مروارید');
INSERT INTO `Events` VALUES (18,'Operation Undeniable Victory','عملیات فتح‌المبین');
INSERT INTO `Events` VALUES (19,'Battle of Chaldiran','جنگ چالدران');
INSERT INTO `Events` VALUES (20,'Iran hostage crisis','بحران گروگان‌گیری در سفارت ایالات متحده آمر̩ا');
INSERT INTO `Events` VALUES (21,'Muslim conquests','فتوحات مسلمانان');
INSERT INTO `Events` VALUES (22,'Azerbaijan International Cycling Tour','تور دوچرخه‌سواری بین‌المللی آذربایجان');
INSERT INTO `Events` VALUES (23,'Anglo Soviet invasion of Iran','اشغال ایران در جنگ جهانی دوم');
INSERT INTO `Events` VALUES (24,'Liberation of Khorramshahr','آزادسازی خرمشهر');
INSERT INTO `Events` VALUES (25,'1974 Asian Games','بازی‌های آسیایی ۱۹۷۴');
INSERT INTO `Events` VALUES (26,'Battle of Nahāvand','جنگ نهاوند');
INSERT INTO `Events` VALUES (27,'2009–10 Iranian election protests','پیامدهای انتخابات ریاست جمهوری دهم ایران');
INSERT INTO `Events` VALUES (28,'Operation Sultan 10','عملیات سلطان ۱۰');
INSERT INTO `Events` VALUES (29,'Battle of Khushab','جنگ خوشاب');
INSERT INTO `Events` VALUES (30,'Battle of Dezful','عملیات دزفول');
INSERT INTO `Events` VALUES (31,'Operation Kaman 99','عملیات کمان ۹۹');
INSERT INTO `Events` VALUES (32,'Anglo Persian War','جنگ هرات');
INSERT INTO `Events` VALUES (33,'Tehran Conference','کنفرانس تهران');
INSERT INTO `Events` VALUES (34,'Battle of the Persian Gate','نبرد دروازه پارس');
INSERT INTO `Events` VALUES (35,'Operation Eagle Claw','عملیات طبس');
INSERT INTO `Events` VALUES (36,'Iran crisis of 1946','بحران ایران در سال ۱۹۴۶');
INSERT INTO `Events` VALUES (37,'Russo Persian War (1804–13)','دوره اول جنگ‌های ایران و روسیه');
INSERT INTO `Events` VALUES (38,'Muslim conquest of Persia','حمله اعراب به ایران');
CREATE TABLE IF NOT EXISTS `DeathInPrison` (
	`id`	INTEGER,
	FOREIGN KEY(`id`) REFERENCES `Prisoners`(`id`)
);
INSERT INTO `DeathInPrison` VALUES (81);
INSERT INTO `DeathInPrison` VALUES (12);
INSERT INTO `DeathInPrison` VALUES (71);
INSERT INTO `DeathInPrison` VALUES (6);
INSERT INTO `DeathInPrison` VALUES (78);
INSERT INTO `DeathInPrison` VALUES (7);
INSERT INTO `DeathInPrison` VALUES (26);
INSERT INTO `DeathInPrison` VALUES (47);
INSERT INTO `DeathInPrison` VALUES (53);
INSERT INTO `DeathInPrison` VALUES (36);
INSERT INTO `DeathInPrison` VALUES (11);
INSERT INTO `DeathInPrison` VALUES (35);
INSERT INTO `DeathInPrison` VALUES (66);
INSERT INTO `DeathInPrison` VALUES (60);
INSERT INTO `DeathInPrison` VALUES (54);
INSERT INTO `DeathInPrison` VALUES (58);
CREATE TABLE IF NOT EXISTS `Deals` (
	`id`	INTEGER,
	FOREIGN KEY(`id`) REFERENCES `Countries`(`id`)
);
INSERT INTO `Deals` VALUES (12);
INSERT INTO `Deals` VALUES (11);
INSERT INTO `Deals` VALUES (1);
INSERT INTO `Deals` VALUES (9);
INSERT INTO `Deals` VALUES (6);
INSERT INTO `Deals` VALUES (8);
CREATE TABLE IF NOT EXISTS `Countries` (
	`id`	INTEGER PRIMARY KEY AUTOINCREMENT,
	`name`	VARCHAR ( 250 ),
	`fa_label`	VARCHAR ( 200 ),
	`capital`	VARCHAR ( 100 ),
	`currency`	VARCHAR ( 100 ),
	`language`	VARCHAR ( 100 )
);
INSERT INTO `Countries` VALUES (1,'India','هند','Delhi','Indian rupee','Tamil language');
INSERT INTO `Countries` VALUES (2,'Azerbaijan','جمهوری آذربایجان','Baku','Azerbaijani manat','Azerbaijani language');
INSERT INTO `Countries` VALUES (3,'Pakistan','پاکستان','Karachi','Pakistani rupee','Sindhi phrasebook');
INSERT INTO `Countries` VALUES (4,'Turkmenistan','ترکمنستان',NULL,'Turkmenistan manat','Turkmen language');
INSERT INTO `Countries` VALUES (5,'Iraq','عراق','Baghdad','Iraqi dinar','Kurdish languages');
INSERT INTO `Countries` VALUES (6,'United Arab Emirates','امارات متحده عربی','Abu Dhabi','United Arab Emirates dirham','Arabic language');
INSERT INTO `Countries` VALUES (7,'Afghanistan','افغانستان','Kabul','Afghan afghani','Pashto language');
INSERT INTO `Countries` VALUES (8,'China','چین','Beijing','Renminbi','Standard Chinese language');
INSERT INTO `Countries` VALUES (9,'Japan','ژاپن','Tokyo','Japanese yen','Japanese phrasebook');
INSERT INTO `Countries` VALUES (10,'China','جمهوری خلق چین','Beijing','Renminbi','Standard Chinese language');
INSERT INTO `Countries` VALUES (11,'South Korea','کره جنوبی','Seoul','South Korean won','Korean language');
INSERT INTO `Countries` VALUES (12,'Turkey','ترکیه','Istanbul','Turkish lira','Turkish language');
INSERT INTO `Countries` VALUES (13,'Armenia','ارمنستان',NULL,'Armenian dram','Armenian language');
CREATE TABLE IF NOT EXISTS `Ayatollahs` (
	`id`	INTEGER PRIMARY KEY AUTOINCREMENT,
	`name`	VARCHAR ( 250 ),
	`fa_label`	VARCHAR ( 200 )
);
INSERT INTO `Ayatollahs` VALUES (1,'سلطان الواعظین','سلطان الواعظین');
INSERT INTO `Ayatollahs` VALUES (2,'Ali Khamenei','سید علی خامنه‌ای');
INSERT INTO `Ayatollahs` VALUES (3,'Musa al Sadr','سید موسی صدر');
INSERT INTO `Ayatollahs` VALUES (4,'Lotfollah Safi Golpaygani','لطف‌الله صافی گلپا̯انی');
INSERT INTO `Ayatollahs` VALUES (5,'Ebrahim Amini','ابراهیم امینی');
INSERT INTO `Ayatollahs` VALUES (6,'Mohsen Koochebaghi Tabrizi','محسن کوچه‌باغی تبریزی');
INSERT INTO `Ayatollahs` VALUES (7,'Mohsen Araki','محسن اراکی');
INSERT INTO `Ayatollahs` VALUES (8,'Mohammad Reza Nekoonam','محمدرضا نکونام');
INSERT INTO `Ayatollahs` VALUES (9,'Mohammed Kazem Yazdi','سید محمدکاظم طباطبایی یزدی');
INSERT INTO `Ayatollahs` VALUES (10,'Hossein Noori Hamedani','حسین نوری همدانی');
INSERT INTO `Ayatollahs` VALUES (11,'Ali Meshkini','علی مشکینی');
INSERT INTO `Ayatollahs` VALUES (12,'Abu al Qasim al Khoei','سید ابوالقاسم خویی');
INSERT INTO `Ayatollahs` VALUES (13,'نورالدین اشنی','نورالدین اشنی');
INSERT INTO `Ayatollahs` VALUES (14,'Yasubedin Rastegar Jooybari','یعسوب‌الدین رستگار جویباری');
INSERT INTO `Ayatollahs` VALUES (15,'علی حایری بارجینی','علی حایری بارجینی');
INSERT INTO `Ayatollahs` VALUES (16,'Ali Mohammad Dastgheib Shirazi','سید علی‌محمد دستغیب');
INSERT INTO `Ayatollahs` VALUES (17,'Mohammed Emami Kashani','محمد امامی کاشانی');
INSERT INTO `Ayatollahs` VALUES (18,'Hashem Amoli','میرزا هاشم آملی');
INSERT INTO `Ayatollahs` VALUES (19,'Reza Ostadi','رضا استادی');
INSERT INTO `Ayatollahs` VALUES (20,'Abbas Hosseini Kashani','عباس حسینی کاشانی');
INSERT INTO `Ayatollahs` VALUES (21,'Hossein Vahid Khorasani','حسین وحید خراسانی');
INSERT INTO `Ayatollahs` VALUES (22,'Morteza Motahhari','مرتضی مطهری');
INSERT INTO `Ayatollahs` VALUES (23,'سید حبیب‌الله برهانی','سید حبیب‌الله برهانی');
INSERT INTO `Ayatollahs` VALUES (24,'Ghorbanali Dorri Najafabadi','قربانعلی دری نجف‌آبادی');
INSERT INTO `Ayatollahs` VALUES (25,'Mohammad Reza Mahdavi Kani','محمدرضا مهدوی کنی');
INSERT INTO `Ayatollahs` VALUES (26,'آمنة المجلسي','آمنه ب̯م مجلسی');
INSERT INTO `Ayatollahs` VALUES (27,'Mohammad Fazel Lankarani','محمد فاضل لنکرانی');
INSERT INTO `Ayatollahs` VALUES (28,'Abdul Karim Haeri Yazdi','عبدالکریم حائری یزدی');
INSERT INTO `Ayatollahs` VALUES (29,'Haj Aqa Nourollah','نورالله نجفی اصفهانی');
INSERT INTO `Ayatollahs` VALUES (30,'Mohammad Reza Golpaygani','سید محمدرضا گلپا̯انی');
INSERT INTO `Ayatollahs` VALUES (31,'Sheikh Haron','شیخ هارون');
INSERT INTO `Ayatollahs` VALUES (32,'Mostafa Mohaghegh Damad','سید مصطفی محقق داماد');
INSERT INTO `Ayatollahs` VALUES (33,'Abdul Karim Mousavi Ardebili','سید عبدالکریم موسوی اردبیلی');
INSERT INTO `Ayatollahs` VALUES (34,'Muhammad Husayn Tabatabaei','سید محمدحسین طباطبایی');
INSERT INTO `Ayatollahs` VALUES (35,'Mousa Shubairi Zanjani','سید موسی شبیری زنجانی');
INSERT INTO `Ayatollahs` VALUES (36,'Hussein Ali Montazeri','حسینعلی منتظری');
INSERT INTO `Ayatollahs` VALUES (37,'Abdullah Musawi Shirazi','سید عبدالله شیرازی');
INSERT INTO `Ayatollahs` VALUES (38,'Mehdi Haeri Yazdi','مهدی حائری یزدی');
INSERT INTO `Ayatollahs` VALUES (39,'Mohammad Ali Taskhiri','محمدعلی تسخیری');
INSERT INTO `Ayatollahs` VALUES (40,'Nematollah Salehi Najafabadi','نعمت‌الله صالحی نجف‌آبادی');
INSERT INTO `Ayatollahs` VALUES (41,'Mahmoud Hashemi Shahroudi','محمود هاشمی شاهرودی');
INSERT INTO `Ayatollahs` VALUES (42,'Hashemi Rafsanjani','اکبر هاشمی رفسنجانی');
INSERT INTO `Ayatollahs` VALUES (43,'Mohammad Reza Tavassoli','محمدرضا توسلی');
INSERT INTO `Ayatollahs` VALUES (44,'فتح الله الأصفهاني','فتح‌الله غروی اصفهانی');
INSERT INTO `Ayatollahs` VALUES (45,'Abbas Ali Amid Zanjani','عباسعلی عمید زنجانی');
INSERT INTO `Ayatollahs` VALUES (46,'Mohammad Yazdii','محمد یزدی');
INSERT INTO `Ayatollahs` VALUES (47,'Rahim Arbab','رحیم ارباب');
INSERT INTO `Ayatollahs` VALUES (48,'Naser Makarem Shirazi','ناصر مکارم شیرازی');
INSERT INTO `Ayatollahs` VALUES (49,'Sayyid Sadeq Rohani','سید محمدصادق روحانی');
INSERT INTO `Ayatollahs` VALUES (50,'Ali Movahedi Kermani','محمدعلی موحدی‌کرمانی');
INSERT INTO `Ayatollahs` VALUES (51,'Seyed Abbas Hosseini Ghammaghami','سید عباس حسینی قائم‌مقامی');
INSERT INTO `Ayatollahs` VALUES (52,'Mohammad Momen','محمد مؤمن');
INSERT INTO `Ayatollahs` VALUES (53,'Abol Ghasem Kashani','سید ابوالقاسم کاشانی');
INSERT INTO `Ayatollahs` VALUES (54,'Abdollah Javadi Amoli','عبدالله جوادی آملی');
INSERT INTO `Ayatollahs` VALUES (55,'Ali Asghar Rahimi Azad','علی‌اصغر رحیمی آزاد');
INSERT INTO `Ayatollahs` VALUES (56,'Ali Safi Golpaygani','علی صافی گلپا̯انی');
INSERT INTO `Ayatollahs` VALUES (57,'Mohammad Shahroudi','سید محمد حسینی شاهرودی');
INSERT INTO `Ayatollahs` VALUES (58,'Jalal Al Din Taheri','جلال‌الدین طاهری');
INSERT INTO `Ayatollahs` VALUES (59,'Asadollah Bayat Zanjani','اسدالله بیات زنجانی');
INSERT INTO `Ayatollahs` VALUES (60,'Reza Hosseini Nassab','سید رضا حسینی‌نسب');
INSERT INTO `Ayatollahs` VALUES (61,'Mojtaba Tehrani','مجتبی تهرانی');
INSERT INTO `Ayatollahs` VALUES (62,'Ruhollah Khomeini','سید روح‌الله خمینی');
INSERT INTO `Ayatollahs` VALUES (63,'Ali Asghar Mazandarani','علی‌اصغر مازندرانی');
INSERT INTO `Ayatollahs` VALUES (64,'Jawad Tabrizi','میرزا جواد تبریزی');
INSERT INTO `Ayatollahs` VALUES (65,'Al Hurr al Aamili','حر عاملی');
INSERT INTO `Ayatollahs` VALUES (66,'Mohammad Taqi Mesbah Yazdi','محمدتقی مصباح یزدی');
INSERT INTO `Ayatollahs` VALUES (67,'Hossein Kazemeyni Boroujerdi','سید محمدحسین کاظمینی بروجردی');
INSERT INTO `Ayatollahs` VALUES (68,'Seyyed Hossein Borujerdi','سید حسین طباطبایی بروجردی');
INSERT INTO `Ayatollahs` VALUES (69,'عزیزالله خوشوقت','عزیزالله خوشوقت');
INSERT INTO `Ayatollahs` VALUES (70,'Mohammad Sadeqi Tehrani','محمد صادقی تهرانی');
INSERT INTO `Ayatollahs` VALUES (71,'Abbas Vaez Tabasi','عباس واعظ طبسی');
INSERT INTO `Ayatollahs` VALUES (72,'Mohammad Kazem Khorasani','محمدکاظم خراسانی');
INSERT INTO `Ayatollahs` VALUES (73,'Mohammad Vaez Abaee Khorasani','محمد عبایی خراسانی');
INSERT INTO `Ayatollahs` VALUES (74,'Mohammad Ezodin Hosseini Zanjani','سید عزالدین حسینی زنجانی');
INSERT INTO `Ayatollahs` VALUES (75,'Mohammad Taghi Khalaji','محمدتقی خلجی');
INSERT INTO `Ayatollahs` VALUES (76,'Mohammad Hadi Ghazanfari Khansari','سید محمدهادی غضنفری خوانساری');
INSERT INTO `Ayatollahs` VALUES (77,'Mohammad Mofatteh','محمد مفتح');
INSERT INTO `Ayatollahs` VALUES (78,'Yousef Madani Tabrizi','سید یوسف مدنی تبریزی');
INSERT INTO `Ayatollahs` VALUES (79,'Mohammad Taqi Bahjat Foumani','محمدتقی بهجت فومنی');
INSERT INTO `Ayatollahs` VALUES (80,'Ruhollah Khatami','سید روح‌الله خاتمی');
INSERT INTO `Ayatollahs` VALUES (81,'Taqi Tabatabaei Qomi','سید تقی طباطبایی قمی');
INSERT INTO `Ayatollahs` VALUES (82,'احمد مجتهدی تهرانی','احمد مجتهدی تهرانی');
INSERT INTO `Ayatollahs` VALUES (83,'Reza Zanjani','سید رضا زنجانی');
INSERT INTO `Ayatollahs` VALUES (84,'Mohammad Kazem Shariatmadari','سید محمدکاظم شریعتمداری');
INSERT INTO `Ayatollahs` VALUES (85,'سید حسین میرپور طهرانی','سید حسین میرپور طهرانی');
INSERT INTO `Ayatollahs` VALUES (86,'محمدحسن شریعت سنگلجی','محمدحسن شریعت سنگلجی');
INSERT INTO `Ayatollahs` VALUES (87,'غلامعلی صفایی بوشهری','غلامعلی صفایی بوشهری');
INSERT INTO `Ayatollahs` VALUES (88,'Seyyed Musa Zarabadi','سید موسی زرآبادی');
INSERT INTO `Ayatollahs` VALUES (89,'Morteza Moghtadai','مرتضی مقتدایی');
INSERT INTO `Ayatollahs` VALUES (90,'سید حسین موسوی تبریزی','سید حسین موسوی تبریزی');
INSERT INTO `Ayatollahs` VALUES (91,'Mir Ebrahim Seyyed Hatami','میرابراهیم سیدحاتمی');
INSERT INTO `Ayatollahs` VALUES (92,'محمدتقی رازی','محمدتقی رازی');
INSERT INTO `Ayatollahs` VALUES (93,'مصطفی بروجردی','مصطفی بروجردی');
INSERT INTO `Ayatollahs` VALUES (94,'Ali al Sistani','سید علی سیستانی');
INSERT INTO `Ayatollahs` VALUES (95,'Abdolnabi Namazi','عبدالنبی نمازی');
INSERT INTO `Ayatollahs` VALUES (96,'Mohsen Kharazi','سید محسن خرازی');
INSERT INTO `Ayatollahs` VALUES (97,'Mohammad Mohammadi Gilani','محمد محمدی گیلانی');
INSERT INTO `Ayatollahs` VALUES (98,'Mohammad Ali Gerami Qomi','محمدعلی گرامی');
INSERT INTO `Ayatollahs` VALUES (99,'Ahmad Jannati','احمد جنتی');
INSERT INTO `Ayatollahs` VALUES (100,'حسین راستی کاشانی','حسین راستی کاشانی');
INSERT INTO `Ayatollahs` VALUES (101,'Mohammad Baqer Shirazi','سید محمدباقر شیرازی');
INSERT INTO `Ayatollahs` VALUES (102,'Sadegh Khalkhali','صادق خلخالی');
INSERT INTO `Ayatollahs` VALUES (103,'Yousef Saanei','یوسف صانعی');
INSERT INTO `Ayatollahs` VALUES (104,'Mohammad Ali Araki','محمدعلی اراکی');
INSERT INTO `Ayatollahs` VALUES (105,'Abu al Hasan al Esfahani','سید ابوالحسن اصفهانی');
INSERT INTO `Ayatollahs` VALUES (106,'Mahmoud Taleghani','سید محمود طالقانی');
INSERT INTO `Ayatollahs` VALUES (107,'Mohammad Mousavi Khoeiniha','سید محمد موسوی خوئینی‌ها');
INSERT INTO `Ayatollahs` VALUES (108,'Mohammad Beheshti','سید محمد بهشتی');
INSERT INTO `Ayatollahs` VALUES (109,'Hossein Mazaheri','حسین مظاهری');
INSERT INTO `Ayatollahs` VALUES (110,'میرزا ابوالقاسم زنجانی','میرزا ابوالقاسم زنجانی');
INSERT INTO `Ayatollahs` VALUES (111,'Yadollah Duzduzani','میرزا یدالله دوزدوزانی');
INSERT INTO `Ayatollahs` VALUES (112,'Kazem al Haeri','سیدکاظم حائری');
INSERT INTO `Ayatollahs` VALUES (113,'Mohammad Hassan Ahmadi Faqih','محمدحسن احمدی فقیه یزدی');
INSERT INTO `Ayatollahs` VALUES (114,'Mohammad Ali Mousavi Jazayeri','سید محمدعلی موسوی جزایری');
INSERT INTO `Ayatollahs` VALUES (115,'Mohammad Alavi Gorgani','محمدعلی علوی گرگانی');
INSERT INTO `Ayatollahs` VALUES (116,'Javad Gharavi Aliari','جواد غروی علیاری');
CREATE TABLE IF NOT EXISTS `Aya_Pol_Rel` (
	`aya_id`	INTEGER,
	`pol_id`	INTEGER,
	FOREIGN KEY(`aya_id`) REFERENCES `Ayatollahs`(`id`),
	FOREIGN KEY(`pol_id`) REFERENCES `Politicians`(`id`)
);
CREATE TABLE IF NOT EXISTS `Ambassadors` (
	`id`	INTEGER PRIMARY KEY AUTOINCREMENT,
	`name`	VARCHAR ( 250 ),
	`fa_label`	VARCHAR ( 200 )
);
INSERT INTO `Ambassadors` VALUES (1,'Hassan Pakravan','حسن پاکروان');
INSERT INTO `Ambassadors` VALUES (2,'علی آهنی','علی آهنی');
INSERT INTO `Ambassadors` VALUES (3,'Mahmoud Jam','محمود جم');
INSERT INTO `Ambassadors` VALUES (4,'محمدحسین مشایخ فریدنی','محمدحسین مشایخ فریدنی');
INSERT INTO `Ambassadors` VALUES (5,'Mohammad Mokri','محمد مکری');
INSERT INTO `Ambassadors` VALUES (6,'Ferouk Khan','ابوطالب غفاری');
INSERT INTO `Ambassadors` VALUES (7,'علی معتمدی','علی معتمدی');
INSERT INTO `Ambassadors` VALUES (8,'Ali Jannati','علی جنتی');
INSERT INTO `Ambassadors` VALUES (9,'نادر آراسته','نادر آراسته');
INSERT INTO `Ambassadors` VALUES (10,'Fereydun Adamiyat','فریدون آدمیت');
INSERT INTO `Ambassadors` VALUES (11,'Ali Amini','علی امینی');
INSERT INTO `Ambassadors` VALUES (12,'تهمورس آدمیت','تهمورس آدمیت');
INSERT INTO `Ambassadors` VALUES (13,'Morteza Alviri','مرتضی الویری');
INSERT INTO `Ambassadors` VALUES (14,'مهدی فرخ','مهدی فرخ');
INSERT INTO `Ambassadors` VALUES (15,'Mirza Abolhassan Khan Ilchi','ابوالحسن شیرازی');
INSERT INTO `Ambassadors` VALUES (16,'Meir Ezrī','مئیر عزری');
INSERT INTO `Ambassadors` VALUES (17,'مجید آهی','مجید آهی');
INSERT INTO `Ambassadors` VALUES (18,'Kenneth D. Taylor','کن تیلور');
INSERT INTO `Ambassadors` VALUES (19,'Haji Washington','حسینقلی صدرالسلطنه');
INSERT INTO `Ambassadors` VALUES (20,'Hassan Kazemi Qumi','حسن کاظمی قمی');
INSERT INTO `Ambassadors` VALUES (21,'Ardeshir Zahedi','اردشیر زاهدی');
INSERT INTO `Ambassadors` VALUES (22,'Aleksander Griboyedov','الکساندر گریبایدوف');
INSERT INTO `Ambassadors` VALUES (23,'Mehdi Haeri Yazdi','مهدی حائری یزدی');
INSERT INTO `Ambassadors` VALUES (24,'Nematollah Nassiri','نعمت‌الله نصیری');
INSERT INTO `Ambassadors` VALUES (25,'محمدقاسم خان والی','محمدقاسم خان والی');
INSERT INTO `Ambassadors` VALUES (26,'عبدالرحیم گواهی','عبدالرحیم گواهی');
INSERT INTO `Ambassadors` VALUES (27,'Robert Shirley','رابرت شرلی');
INSERT INTO `Ambassadors` VALUES (28,'هوهانس خان ماسحیان','هوهانس خان ماسحیان');
INSERT INTO `Ambassadors` VALUES (29,'Hasan Arfa','حسن ارفع');
INSERT INTO `Ambassadors` VALUES (30,'Mirza Saleh Shirazi','میرزا صالح شیرازی');
INSERT INTO `Ambassadors` VALUES (31,'Mohammad Najibullah','محمدنجیب‌الله');
INSERT INTO `Ambassadors` VALUES (32,'Seyed Mahmoud Reza Sajjadi','سید محمود رضا سجادی');
INSERT INTO `Ambassadors` VALUES (33,'فداحسین مالکی','فداحسین مالکی');
INSERT INTO `Ambassadors` VALUES (34,'حسین کاظم‌پور اردبیلی','حسین کاظم‌پور اردبیلی');
INSERT INTO `Ambassadors` VALUES (35,'Fazlollah Reza','فضل‌الله رضا');
INSERT INTO `Ambassadors` VALUES (36,'Hossein Ala','حسین علاء');
INSERT INTO `Ambassadors` VALUES (37,'Seyed Mehdi Miraboutalebi','سید مهدی میرابوطالبی');
INSERT INTO `Ambassadors` VALUES (38,'برادران اردلان','برادران اردلان');
INSERT INTO `Ambassadors` VALUES (39,'سید باقر کاظمی','سید باقر کاظمی');
INSERT INTO `Ambassadors` VALUES (40,'حسین سمیعی','حسین سمیعی');
INSERT INTO `Ambassadors` VALUES (41,'Mirza Malkam Khan','میرزا ملکم‌خان');
INSERT INTO `Ambassadors` VALUES (42,'سید محمود دعایی','سید محمود دعایی');
INSERT INTO `Ambassadors` VALUES (43,'Manouchehr Mottaki','منوچهر متکی');
INSERT INTO `Ambassadors` VALUES (44,'Sadegh Kharazi','سید محمدصادق خرازی');
INSERT INTO `Ambassadors` VALUES (45,'Abdullah Entezam','عبدالله انتظام');
INSERT INTO `Ambassadors` VALUES (46,'Ali Akbar Mohtashamipur','علی‌اکبر محتشمی‌پور');
INSERT INTO `Ambassadors` VALUES (47,'حسن دانایی‌فر','حسن دانایی‌فر');
INSERT INTO `Ambassadors` VALUES (48,'Hushang Ansary','هوشنگ انصاری');
INSERT INTO `Ambassadors` VALUES (49,'Ali Soheili','علی سهیلی');
INSERT INTO `Ambassadors` VALUES (50,'Khalil Esfandiary Bakhtiary','خلیل اسفندیاری');
INSERT INTO `Ambassadors` VALUES (51,'Mohammad Hossein Adeli','محمدحسین عادلی');
INSERT INTO `Ambassadors` VALUES (52,'Yousuf Khan Mostashar al Dowleh','یوسف مستشارالدوله');
INSERT INTO `Ambassadors` VALUES (53,'محمود فروغی','محمود فروغی');
INSERT INTO `Ambassadors` VALUES (54,'زین‌العابدین رهنما','زین‌العابدین رهنما');
INSERT INTO `Ambassadors` VALUES (55,'Abbas Amir Entezam','عباس امیرانتظام');
INSERT INTO `Ambassadors` VALUES (56,'Hossein Mousavian','حسین موسویان');
INSERT INTO `Ambassadors` VALUES (57,'Mohammad Soleimani','محمد سلیمانی');
INSERT INTO `Ambassadors` VALUES (58,'Khosrow Mirza','خسرو میرزا');
INSERT INTO `Ambassadors` VALUES (59,'Hasan Arsanjani','حسن ارسنجانی');
INSERT INTO `Ambassadors` VALUES (60,'William H. Sullivan','ویلیام سالیوان');
INSERT INTO `Ambassadors` VALUES (61,'Hamid Reza Assefi','حمیدرضا آصفی');
INSERT INTO `Ambassadors` VALUES (62,'حسنعلی کمال هدایت','حسنعلی کمال هدایت');
INSERT INTO `Ambassadors` VALUES (63,'Gholamreza Ansari','غلامرضا انصاری');
INSERT INTO `Ambassadors` VALUES (64,'علیرضا شیخ عطار','علیرضا شیخ عطار');
INSERT INTO `Ambassadors` VALUES (65,'Anthony Parsons','آنتونی پارسونز');
INSERT INTO `Ambassadors` VALUES (66,'محمود علامیر','محمود علامیر');
INSERT INTO `Ambassadors` VALUES (67,'Hassan Taqizadeh','حسن تقی‌زاده');
INSERT INTO `Ambassadors` VALUES (68,'Abbas Araghchi','سید عباس عراقچی');
INSERT INTO `Ambassadors` VALUES (69,'نادر باتمانقلیچ','نادر باتمانقل̆');
INSERT INTO `Ambassadors` VALUES (70,'Mirza Riza Khan','پرنس ارفع');
INSERT INTO `Ambassadors` VALUES (71,'Sergey Kavtaradze','سرگی کافتارادزه');
INSERT INTO `Ambassadors` VALUES (72,'جلال عبده','جلال عبده');
INSERT INTO `Ambassadors` VALUES (73,'Nasrollah Entezam','نصرالله انتظام');
INSERT INTO `Ambassadors` VALUES (74,'Yakup Kadri Karaosmanoğlu','یعقوب قدری قراعثمان اوغلو');
INSERT INTO `Ambassadors` VALUES (75,'Ali Mansur','علی منصور');
INSERT INTO `Ambassadors` VALUES (76,'Hassan Pirnia','حسن پیرنیا');
INSERT INTO `Ambassadors` VALUES (77,'Abolqasem Najm','ابوالقاسم نجم');
INSERT INTO `Ambassadors` VALUES (78,'Samad Khan Momtaz os Saltaneh','ممتاز السلطنه');
INSERT INTO `Ambassadors` VALUES (79,'Manucher Mirza Farman Farmaian','منوچهر میرزا فرمانفرمائیان');
INSERT INTO `Ambassadors` VALUES (80,'میرمحمدحسین عضدالملک قزوینی','میرمحمدحسین عضدالملک قزوینی');
INSERT INTO `Ambassadors` VALUES (81,'غلام‌عباس آرام','غلام‌عباس آرام');
INSERT INTO `Ambassadors` VALUES (82,'Abbas Ali Khalatbari','عباسعلی خلعتبری');
INSERT INTO `Ambassadors` VALUES (83,'سید علی نصر','سید علی نصر');
INSERT INTO `Ambassadors` VALUES (84,'Abdelhadi Tazi','عبدالهادی التازی');
INSERT INTO `Ambassadors` VALUES (85,'جعفر مشیرالدوله','جعفر مشیرالدوله');
INSERT INTO `Ambassadors` VALUES (86,'Hasan Ali Khan Garusi','امیرنظام گروسی');
COMMIT;
